/*
 Navicat Premium Data Transfer

 Source Server         : 115.26.4.165
 Source Server Type    : MySQL
 Source Server Version : 50634
 Source Host           : 115.26.4.165
 Source Database       : yxyqcy_test

 Target Server Type    : MySQL
 Target Server Version : 50634
 File Encoding         : utf-8

 Date: 06/28/2017 08:56:51 AM
*/

SET NAMES utf8;
SET FOREIGN_KEY_CHECKS = 0;

-- ----------------------------
--  Table structure for `acf_field`
-- ----------------------------
DROP TABLE IF EXISTS `acf_field`;
CREATE TABLE `acf_field` (
  `BUSINESS_ID` varchar(64) NOT NULL,
  `plugin` varchar(255) DEFAULT NULL COMMENT '插件',
  `NAME` varchar(155) DEFAULT NULL COMMENT '字段名称',
  `title` varchar(155) DEFAULT NULL COMMENT '字段标题',
  `type` varchar(155) DEFAULT NULL COMMENT '字段类型',
  `flow` varchar(155) DEFAULT NULL,
  `form_ID` varchar(64) NOT NULL COMMENT '表单ID',
  `CREATE_BY` varchar(64) DEFAULT NULL COMMENT '创建人',
  `CREATE_DATE` datetime NOT NULL COMMENT '创建日期',
  `UPDATE_BY` varchar(64) DEFAULT NULL COMMENT '修改人',
  `UPDATE_DATE` datetime NOT NULL COMMENT '修改日期',
  `REMARKS` varchar(255) DEFAULT NULL COMMENT '备注',
  `DEL_FLAG` varchar(1) DEFAULT NULL COMMENT '删除标识 1 删除 0 未删除 2 审核',
  `FLAG` varchar(1) DEFAULT NULL COMMENT '启用标识 1 启用 0 停用 ',
  PRIMARY KEY (`BUSINESS_ID`)
) ENGINE=InnoDB DEFAULT CHARSET=utf8 ROW_FORMAT=DYNAMIC;

-- ----------------------------
--  Table structure for `acf_form`
-- ----------------------------
DROP TABLE IF EXISTS `acf_form`;
CREATE TABLE `acf_form` (
  `BUSINESS_ID` varchar(64) NOT NULL,
  `NAME` varchar(255) DEFAULT NULL COMMENT '表单名称',
  `code` varchar(20) DEFAULT NULL COMMENT '表单编码',
  `des` varchar(255) DEFAULT NULL COMMENT '表单描述',
  `original_html` text COMMENT '原始html',
  `parse_html` text COMMENT '解析后html',
  `filed_count` int(11) DEFAULT NULL COMMENT '字段总数',
  `table_name` varchar(100) DEFAULT NULL COMMENT '数据表名称',
  `CREATE_BY` varchar(64) DEFAULT NULL COMMENT '创建人',
  `CREATE_DATE` datetime NOT NULL COMMENT '创建日期',
  `UPDATE_BY` varchar(64) DEFAULT NULL COMMENT '修改人',
  `UPDATE_DATE` datetime NOT NULL COMMENT '修改日期',
  `REMARKS` varchar(255) DEFAULT NULL COMMENT '备注',
  `DEL_FLAG` varchar(1) DEFAULT NULL COMMENT '删除标识 1 删除 0 未删除 2 审核',
  `FLAG` varchar(1) DEFAULT NULL COMMENT '启用标识 1 启用 0 停用 ',
  PRIMARY KEY (`BUSINESS_ID`),
  UNIQUE KEY `code` (`code`)
) ENGINE=InnoDB DEFAULT CHARSET=utf8 ROW_FORMAT=DYNAMIC;

-- ----------------------------
--  Records of `acf_form`
-- ----------------------------
BEGIN;
INSERT INTO `acf_form` VALUES ('3232', '测试', '001', null, null, null, null, null, null, '2017-06-14 16:24:04', null, '2017-06-24 16:24:18', null, '0', '1');
COMMIT;

-- ----------------------------
--  Table structure for `act_evt_log`
-- ----------------------------
DROP TABLE IF EXISTS `act_evt_log`;
CREATE TABLE `act_evt_log` (
  `LOG_NR_` bigint(20) NOT NULL AUTO_INCREMENT,
  `TYPE_` varchar(64) COLLATE utf8_bin DEFAULT NULL,
  `PROC_DEF_ID_` varchar(64) COLLATE utf8_bin DEFAULT NULL,
  `PROC_INST_ID_` varchar(64) COLLATE utf8_bin DEFAULT NULL,
  `EXECUTION_ID_` varchar(64) COLLATE utf8_bin DEFAULT NULL,
  `TASK_ID_` varchar(64) COLLATE utf8_bin DEFAULT NULL,
  `TIME_STAMP_` timestamp(3) NOT NULL DEFAULT CURRENT_TIMESTAMP(3) ON UPDATE CURRENT_TIMESTAMP(3),
  `USER_ID_` varchar(255) COLLATE utf8_bin DEFAULT NULL,
  `DATA_` longblob,
  `LOCK_OWNER_` varchar(255) COLLATE utf8_bin DEFAULT NULL,
  `LOCK_TIME_` timestamp(3) NULL DEFAULT NULL,
  `IS_PROCESSED_` tinyint(4) DEFAULT '0',
  PRIMARY KEY (`LOG_NR_`)
) ENGINE=InnoDB DEFAULT CHARSET=utf8 COLLATE=utf8_bin;

-- ----------------------------
--  Table structure for `act_ge_bytearray`
-- ----------------------------
DROP TABLE IF EXISTS `act_ge_bytearray`;
CREATE TABLE `act_ge_bytearray` (
  `ID_` varchar(64) COLLATE utf8_bin NOT NULL,
  `REV_` int(11) DEFAULT NULL,
  `NAME_` varchar(255) COLLATE utf8_bin DEFAULT NULL,
  `DEPLOYMENT_ID_` varchar(64) COLLATE utf8_bin DEFAULT NULL,
  `BYTES_` longblob,
  `GENERATED_` tinyint(4) DEFAULT NULL,
  PRIMARY KEY (`ID_`),
  KEY `ACT_FK_BYTEARR_DEPL` (`DEPLOYMENT_ID_`),
  CONSTRAINT `ACT_FK_BYTEARR_DEPL` FOREIGN KEY (`DEPLOYMENT_ID_`) REFERENCES `act_re_deployment` (`ID_`)
) ENGINE=InnoDB DEFAULT CHARSET=utf8 COLLATE=utf8_bin;

-- ----------------------------
--  Records of `act_ge_bytearray`
-- ----------------------------
BEGIN;
INSERT INTO `act_ge_bytearray` VALUES ('086b28ce8c0e42a99e2ac44e68e55642', '4', 'source', null, 0x7b227265736f757263654964223a226132623162386365663464653435393261623966333034623032633230316138222c2270726f70657274696573223a7b2270726f636573735f6964223a2270726f63657373222c226e616d65223a22222c22646f63756d656e746174696f6e223a22222c2270726f636573735f617574686f72223a22222c2270726f636573735f76657273696f6e223a22222c2270726f636573735f6e616d657370616365223a22687474703a2f2f7777772e61637469766974692e6f72672f70726f63657373646566222c22657865637574696f6e6c697374656e657273223a22222c226576656e746c697374656e657273223a22222c227369676e616c646566696e6974696f6e73223a22222c226d657373616765646566696e6974696f6e73223a22227d2c227374656e63696c223a7b226964223a2242504d4e4469616772616d227d2c226368696c64536861706573223a5b7b227265736f757263654964223a227369642d35364643323141362d414445432d344545302d383234452d324333393134313042413833222c2270726f70657274696573223a7b226f766572726964656964223a22222c226e616d65223a22222c22646f63756d656e746174696f6e223a22222c22657865637574696f6e6c697374656e657273223a22222c22696e69746961746f72223a22222c22666f726d6b6579646566696e6974696f6e223a22222c22666f726d70726f70657274696573223a22227d2c227374656e63696c223a7b226964223a2253746172744e6f6e654576656e74227d2c226368696c64536861706573223a5b5d2c226f7574676f696e67223a5b7b227265736f757263654964223a227369642d41333942374338372d413243332d343130312d383430452d323142424236434646354343227d5d2c22626f756e6473223a7b226c6f7765725269676874223a7b2278223a3231332c2279223a35377d2c2275707065724c656674223a7b2278223a3138332c2279223a32377d7d2c22646f636b657273223a5b5d7d2c7b227265736f757263654964223a227369642d36453642344532352d464233342d343242352d393534392d444338314342363532413131222c2270726f70657274696573223a7b226f766572726964656964223a22222c226e616d65223a22e794b3e8afb7e8afb7e58187222c22646f63756d656e746174696f6e223a22222c226173796e6368726f6e6f7573646566696e6974696f6e223a2266616c7365222c226578636c7573697665646566696e6974696f6e223a2266616c7365222c22657865637574696f6e6c697374656e657273223a22222c226d756c7469696e7374616e63655f74797065223a224e6f6e65222c226d756c7469696e7374616e63655f63617264696e616c697479223a22222c226d756c7469696e7374616e63655f636f6c6c656374696f6e223a22222c226d756c7469696e7374616e63655f7661726961626c65223a22222c226d756c7469696e7374616e63655f636f6e646974696f6e223a22222c226973666f72636f6d70656e736174696f6e223a2266616c7365222c22757365727461736b61737369676e6d656e74223a22222c22666f726d6b6579646566696e6974696f6e223a226c65617665222c2264756564617465646566696e6974696f6e223a22222c227072696f72697479646566696e6974696f6e223a22222c22666f726d70726f70657274696573223a22222c227461736b6c697374656e657273223a22227d2c227374656e63696c223a7b226964223a22557365725461736b227d2c226368696c64536861706573223a5b5d2c226f7574676f696e67223a5b7b227265736f757263654964223a227369642d31313230433233442d414444302d343439432d383937312d314136303242354342463131227d5d2c22626f756e6473223a7b226c6f7765725269676874223a7b2278223a3434362c2279223a38327d2c2275707065724c656674223a7b2278223a3334362c2279223a327d7d2c22646f636b657273223a5b5d7d2c7b227265736f757263654964223a227369642d41333942374338372d413243332d343130312d383430452d323142424236434646354343222c2270726f70657274696573223a7b226f766572726964656964223a22222c226e616d65223a22222c22646f63756d656e746174696f6e223a22222c22636f6e646974696f6e73657175656e6365666c6f77223a22222c22657865637574696f6e6c697374656e657273223a22222c2264656661756c74666c6f77223a2266616c7365227d2c227374656e63696c223a7b226964223a2253657175656e6365466c6f77227d2c226368696c64536861706573223a5b5d2c226f7574676f696e67223a5b7b227265736f757263654964223a227369642d36453642344532352d464233342d343242352d393534392d444338314342363532413131227d5d2c22626f756e6473223a7b226c6f7765725269676874223a7b2278223a3334352e352c2279223a34327d2c2275707065724c656674223a7b2278223a3231332e363935333132352c2279223a34327d7d2c22646f636b657273223a5b7b2278223a31352c2279223a31357d2c7b2278223a35302c2279223a34307d5d2c22746172676574223a7b227265736f757263654964223a227369642d36453642344532352d464233342d343242352d393534392d444338314342363532413131227d7d2c7b227265736f757263654964223a227369642d37393234343330332d373046452d343445462d393333442d334639304230393243414239222c2270726f70657274696573223a7b226f766572726964656964223a22222c226e616d65223a22222c22646f63756d656e746174696f6e223a22222c22657865637574696f6e6c697374656e657273223a22227d2c227374656e63696c223a7b226964223a22456e644e6f6e654576656e74227d2c226368696c64536861706573223a5b5d2c226f7574676f696e67223a5b5d2c22626f756e6473223a7b226c6f7765725269676874223a7b2278223a3231322c2279223a3237337d2c2275707065724c656674223a7b2278223a3138342c2279223a3234357d7d2c22646f636b657273223a5b5d7d2c7b227265736f757263654964223a227369642d46393639384330442d353642352d343237352d423041352d393137324430314632383736222c2270726f70657274696573223a7b226f766572726964656964223a22222c226e616d65223a22e9a1b9e79baee7bb8fe79086e5aea1e689b9222c22646f63756d656e746174696f6e223a22222c226173796e6368726f6e6f7573646566696e6974696f6e223a2266616c7365222c226578636c7573697665646566696e6974696f6e223a2266616c7365222c22657865637574696f6e6c697374656e657273223a22222c226d756c7469696e7374616e63655f74797065223a224e6f6e65222c226d756c7469696e7374616e63655f63617264696e616c697479223a22222c226d756c7469696e7374616e63655f636f6c6c656374696f6e223a22222c226d756c7469696e7374616e63655f7661726961626c65223a22222c226d756c7469696e7374616e63655f636f6e646974696f6e223a22222c226973666f72636f6d70656e736174696f6e223a2266616c7365222c22757365727461736b61737369676e6d656e74223a22222c22666f726d6b6579646566696e6974696f6e223a22222c2264756564617465646566696e6974696f6e223a22222c227072696f72697479646566696e6974696f6e223a22222c22666f726d70726f70657274696573223a22222c227461736b6c697374656e657273223a7b227461736b4c697374656e657273223a5b7b226576656e74223a2261737369676e6d656e74222c22696d706c656d656e746174696f6e223a226f72672e7978797163792e66616d696c792e686f6d652e776f726b666c6f772e6c697374656e65722e417474616368656444657074466f72526f6c655061727469636970616e744c697374656e6572222c22636c6173734e616d65223a226f72672e7978797163792e66616d696c792e686f6d652e776f726b666c6f772e6c697374656e65722e417474616368656444657074466f72526f6c655061727469636970616e744c697374656e6572222c2265787072657373696f6e223a22222c2264656c656761746545787072657373696f6e223a22222c226669656c6473223a5b7b226e616d65223a22726f6c654e616d65222c22696d706c656d656e746174696f6e223a22786d6a6c222c22737472696e6756616c7565223a22786d6a6c222c2265787072657373696f6e223a22222c22737472696e67223a22227d5d7d5d7d7d2c227374656e63696c223a7b226964223a22557365725461736b227d2c226368696c64536861706573223a5b5d2c226f7574676f696e67223a5b7b227265736f757263654964223a227369642d33343837343042392d433541442d343541362d424342302d343345453446464530393241227d5d2c22626f756e6473223a7b226c6f7765725269676874223a7b2278223a3539312c2279223a38327d2c2275707065724c656674223a7b2278223a3439312c2279223a327d7d2c22646f636b657273223a5b5d7d2c7b227265736f757263654964223a227369642d31313230433233442d414444302d343439432d383937312d314136303242354342463131222c2270726f70657274696573223a7b226f766572726964656964223a22222c226e616d65223a22222c22646f63756d656e746174696f6e223a22222c22636f6e646974696f6e73657175656e6365666c6f77223a22222c22657865637574696f6e6c697374656e657273223a22222c2264656661756c74666c6f77223a2266616c7365227d2c227374656e63696c223a7b226964223a2253657175656e6365466c6f77227d2c226368696c64536861706573223a5b5d2c226f7574676f696e67223a5b7b227265736f757263654964223a227369642d46393639384330442d353642352d343237352d423041352d393137324430314632383736227d5d2c22626f756e6473223a7b226c6f7765725269676874223a7b2278223a3439302e31353632352c2279223a34327d2c2275707065724c656674223a7b2278223a3434362e38343337352c2279223a34327d7d2c22646f636b657273223a5b7b2278223a35302c2279223a34307d2c7b2278223a35302c2279223a34307d5d2c22746172676574223a7b227265736f757263654964223a227369642d46393639384330442d353642352d343237352d423041352d393137324430314632383736227d7d2c7b227265736f757263654964223a227369642d35364542354434322d343531452d344237382d383631352d393645463730323035464333222c2270726f70657274696573223a7b226f766572726964656964223a22222c226e616d65223a22e5aea1e689b9222c22646f63756d656e746174696f6e223a22222c226173796e6368726f6e6f7573646566696e6974696f6e223a2266616c7365222c226578636c7573697665646566696e6974696f6e223a2266616c7365222c2273657175656e6365666c6f776f72646572223a22227d2c227374656e63696c223a7b226964223a224578636c757369766547617465776179227d2c226368696c64536861706573223a5b5d2c226f7574676f696e67223a5b7b227265736f757263654964223a227369642d41433830464330452d413543322d343034342d393932312d323037313843393837414337227d2c7b227265736f757263654964223a227369642d41303344333546362d384637372d343233362d414433302d323338344336413333324133227d5d2c22626f756e6473223a7b226c6f7765725269676874223a7b2278223a3536312c2279223a3137357d2c2275707065724c656674223a7b2278223a3532312c2279223a3133357d7d2c22646f636b657273223a5b5d7d2c7b227265736f757263654964223a227369642d33343837343042392d433541442d343541362d424342302d343345453446464530393241222c2270726f70657274696573223a7b226f766572726964656964223a22222c226e616d65223a22222c22646f63756d656e746174696f6e223a22222c22636f6e646974696f6e73657175656e6365666c6f77223a22222c22657865637574696f6e6c697374656e657273223a22222c2264656661756c74666c6f77223a2266616c7365227d2c227374656e63696c223a7b226964223a2253657175656e6365466c6f77227d2c226368696c64536861706573223a5b5d2c226f7574676f696e67223a5b7b227265736f757263654964223a227369642d35364542354434322d343531452d344237382d383631352d393645463730323035464333227d5d2c22626f756e6473223a7b226c6f7765725269676874223a7b2278223a3534312e343039363537323536343031352c2279223a3133342e39393231393732303331333236367d2c2275707065724c656674223a7b2278223a3534312e313736323830323433353938352c2279223a38322e30313536313532393638363733347d7d2c22646f636b657273223a5b7b2278223a35302c2279223a34307d2c7b2278223a32302e352c2279223a32302e357d5d2c22746172676574223a7b227265736f757263654964223a227369642d35364542354434322d343531452d344237382d383631352d393645463730323035464333227d7d2c7b227265736f757263654964223a227369642d41433830464330452d413543322d343034342d393932312d323037313843393837414337222c2270726f70657274696573223a7b226f766572726964656964223a22222c226e616d65223a22e9a9b3e59b9e222c22646f63756d656e746174696f6e223a22222c22636f6e646974696f6e73657175656e6365666c6f77223a22222c22657865637574696f6e6c697374656e657273223a22222c2264656661756c74666c6f77223a2266616c7365227d2c227374656e63696c223a7b226964223a2253657175656e6365466c6f77227d2c226368696c64536861706573223a5b5d2c226f7574676f696e67223a5b7b227265736f757263654964223a227369642d36453642344532352d464233342d343242352d393534392d444338314342363532413131227d5d2c22626f756e6473223a7b226c6f7765725269676874223a7b2278223a3532392e333434333336343734373432392c2279223a3134362e30313737343730303935303734327d2c2275707065724c656674223a7b2278223a3434362e3233353734313635303235372c2279223a38312e31383733333131313534393235387d7d2c22646f636b657273223a5b7b2278223a32302e352c2279223a32302e357d2c7b2278223a35302c2279223a34307d5d2c22746172676574223a7b227265736f757263654964223a227369642d36453642344532352d464233342d343242352d393534392d444338314342363532413131227d7d2c7b227265736f757263654964223a227369642d44344138323437342d304431412d344345442d424242432d343643383537353844433644222c2270726f70657274696573223a7b226f766572726964656964223a22222c226e616d65223a22e983a8e997a8e7bb8fe79086e5aea1e689b9222c22646f63756d656e746174696f6e223a22222c226173796e6368726f6e6f7573646566696e6974696f6e223a2266616c7365222c226578636c7573697665646566696e6974696f6e223a2266616c7365222c22657865637574696f6e6c697374656e657273223a22222c226d756c7469696e7374616e63655f74797065223a224e6f6e65222c226d756c7469696e7374616e63655f63617264696e616c697479223a22222c226d756c7469696e7374616e63655f636f6c6c656374696f6e223a22222c226d756c7469696e7374616e63655f7661726961626c65223a22222c226d756c7469696e7374616e63655f636f6e646974696f6e223a22222c226973666f72636f6d70656e736174696f6e223a2266616c7365222c22757365727461736b61737369676e6d656e74223a22222c22666f726d6b6579646566696e6974696f6e223a22222c2264756564617465646566696e6974696f6e223a22222c227072696f72697479646566696e6974696f6e223a22222c22666f726d70726f70657274696573223a22222c227461736b6c697374656e657273223a7b227461736b4c697374656e657273223a5b7b226576656e74223a2261737369676e6d656e74222c22696d706c656d656e746174696f6e223a226f72672e7978797163792e66616d696c792e686f6d652e776f726b666c6f772e6c697374656e65722e417474616368656444657074466f72526f6c655061727469636970616e744c697374656e6572222c22636c6173734e616d65223a226f72672e7978797163792e66616d696c792e686f6d652e776f726b666c6f772e6c697374656e65722e417474616368656444657074466f72526f6c655061727469636970616e744c697374656e6572222c2265787072657373696f6e223a22222c2264656c656761746545787072657373696f6e223a22222c226669656c6473223a5b7b226e616d65223a22726f6c654e616d65222c22696d706c656d656e746174696f6e223a22626d6a6c222c22737472696e6756616c7565223a22626d6a6c222c2265787072657373696f6e223a22222c22737472696e67223a22227d5d7d5d7d7d2c227374656e63696c223a7b226964223a22557365725461736b227d2c226368696c64536861706573223a5b5d2c226f7574676f696e67223a5b7b227265736f757263654964223a227369642d46424439423641312d303434372d343443362d414438312d343245303439453344353436227d5d2c22626f756e6473223a7b226c6f7765725269676874223a7b2278223a3539312c2279223a3239397d2c2275707065724c656674223a7b2278223a3439312c2279223a3231397d7d2c22646f636b657273223a5b5d7d2c7b227265736f757263654964223a227369642d41303344333546362d384637372d343233362d414433302d323338344336413333324133222c2270726f70657274696573223a7b226f766572726964656964223a22222c226e616d65223a22e9809ae8bf87222c22646f63756d656e746174696f6e223a22222c22636f6e646974696f6e73657175656e6365666c6f77223a22222c22657865637574696f6e6c697374656e657273223a22222c2264656661756c74666c6f77223a2266616c7365227d2c227374656e63696c223a7b226964223a2253657175656e6365466c6f77227d2c226368696c64536861706573223a5b5d2c226f7574676f696e67223a5b7b227265736f757263654964223a227369642d44344138323437342d304431412d344345442d424242432d343643383537353844433644227d5d2c22626f756e6473223a7b226c6f7765725269676874223a7b2278223a3534312e343031343139313338343936312c2279223a3231382e33373839313739313836373935327d2c2275707065724c656674223a7b2278223a3534312e313936323337313131353033392c2279223a3137352e39303632333833333133323034387d7d2c22646f636b657273223a5b7b2278223a32302e352c2279223a32302e357d2c7b2278223a35302c2279223a34307d5d2c22746172676574223a7b227265736f757263654964223a227369642d44344138323437342d304431412d344345442d424242432d343643383537353844433644227d7d2c7b227265736f757263654964223a227369642d36443939433335352d363141302d343839302d394144442d353234383437363542394234222c2270726f70657274696573223a7b226f766572726964656964223a22222c226e616d65223a22222c22646f63756d656e746174696f6e223a22222c226173796e6368726f6e6f7573646566696e6974696f6e223a2266616c7365222c226578636c7573697665646566696e6974696f6e223a2266616c7365222c2273657175656e6365666c6f776f72646572223a22227d2c227374656e63696c223a7b226964223a224578636c757369766547617465776179227d2c226368696c64536861706573223a5b5d2c226f7574676f696e67223a5b7b227265736f757263654964223a227369642d31324538343639392d463432302d344434312d413230372d313942313636363242314143227d2c7b227265736f757263654964223a227369642d43393437373745432d463832312d343541322d393330452d303846424231424333443735227d5d2c22626f756e6473223a7b226c6f7765725269676874223a7b2278223a3431352c2279223a3237397d2c2275707065724c656674223a7b2278223a3337352c2279223a3233397d7d2c22646f636b657273223a5b5d7d2c7b227265736f757263654964223a227369642d46424439423641312d303434372d343443362d414438312d343245303439453344353436222c2270726f70657274696573223a7b226f766572726964656964223a22222c226e616d65223a22222c22646f63756d656e746174696f6e223a22222c22636f6e646974696f6e73657175656e6365666c6f77223a22222c22657865637574696f6e6c697374656e657273223a22222c2264656661756c74666c6f77223a2266616c7365227d2c227374656e63696c223a7b226964223a2253657175656e6365466c6f77227d2c226368696c64536861706573223a5b5d2c226f7574676f696e67223a5b7b227265736f757263654964223a227369642d36443939433335352d363141302d343839302d394144442d353234383437363542394234227d5d2c22626f756e6473223a7b226c6f7765725269676874223a7b2278223a3439302e35353237343032373934353939352c2279223a3235392e343330313537333434313733347d2c2275707065724c656674223a7b2278223a3431352e38323432313238343535343030352c2279223a3235392e313733333538323830383236367d7d2c22646f636b657273223a5b7b2278223a35302c2279223a34307d2c7b2278223a32302e352c2279223a32302e357d5d2c22746172676574223a7b227265736f757263654964223a227369642d36443939433335352d363141302d343839302d394144442d353234383437363542394234227d7d2c7b227265736f757263654964223a227369642d43393437373745432d463832312d343541322d393330452d303846424231424333443735222c2270726f70657274696573223a7b226f766572726964656964223a22222c226e616d65223a22e9a9b3e59b9e222c22646f63756d656e746174696f6e223a22222c22636f6e646974696f6e73657175656e6365666c6f77223a22222c22657865637574696f6e6c697374656e657273223a22222c2264656661756c74666c6f77223a2266616c7365227d2c227374656e63696c223a7b226964223a2253657175656e6365466c6f77227d2c226368696c64536861706573223a5b5d2c226f7574676f696e67223a5b7b227265736f757263654964223a227369642d36453642344532352d464233342d343242352d393534392d444338314342363532413131227d5d2c22626f756e6473223a7b226c6f7765725269676874223a7b2278223a3339352e39303738353734303534393936372c2279223a3233382e31303933373736343233343635327d2c2275707065724c656674223a7b2278223a3339352e35343931373338343435303033332c2279223a38322e30383230323836303736353334387d7d2c22646f636b657273223a5b7b2278223a32302e352c2279223a32302e357d2c7b2278223a35302c2279223a34307d5d2c22746172676574223a7b227265736f757263654964223a227369642d36453642344532352d464233342d343242352d393534392d444338314342363532413131227d7d2c7b227265736f757263654964223a227369642d31324538343639392d463432302d344434312d413230372d313942313636363242314143222c2270726f70657274696573223a7b226f766572726964656964223a22222c226e616d65223a22e9809ae8bf87222c22646f63756d656e746174696f6e223a22222c22636f6e646974696f6e73657175656e6365666c6f77223a22222c22657865637574696f6e6c697374656e657273223a22222c2264656661756c74666c6f77223a2266616c7365227d2c227374656e63696c223a7b226964223a2253657175656e6365466c6f77227d2c226368696c64536861706573223a5b5d2c226f7574676f696e67223a5b7b227265736f757263654964223a227369642d37393234343330332d373046452d343445462d393333442d334639304230393243414239227d5d2c22626f756e6473223a7b226c6f7765725269676874223a7b2278223a3337342e34343134303934353435393932342c2279223a3235392e343436363837313132353433337d2c2275707065724c656674223a7b2278223a3231322e38383637313535343534303037362c2279223a3235392e303337363837383837343536377d7d2c22646f636b657273223a5b7b2278223a32302e352c2279223a32302e357d2c7b2278223a31342c2279223a31347d5d2c22746172676574223a7b227265736f757263654964223a227369642d37393234343330332d373046452d343445462d393333442d334639304230393243414239227d7d5d2c22626f756e6473223a7b226c6f7765725269676874223a7b2278223a313230302c2279223a313035307d2c2275707065724c656674223a7b2278223a302c2279223a307d7d2c227374656e63696c736574223a7b2275726c223a227374656e63696c736574732f62706d6e322e302f62706d6e322e302e6a736f6e222c226e616d657370616365223a22687474703a2f2f62336d6e2e6f72672f7374656e63696c7365742f62706d6e322e3023227d2c227373657874656e73696f6e73223a5b5d7d, null), ('45fb82d5a4794c1993083f2d61cb9b5b', '1', 'source-extra', null, 0x89504e470d0a1a0a0000000d49484452000002810000015d08060000007c47b771000000206348524d00007a26000080840000fa00000080e8000075300000ea6000003a98000017709cba513c0000000467414d410000b18e7cfb5193000000017352474200aece1ce900000006624b474400ff00ff00ffa0bda793000000097048597300000ec400000ec401952b0e1b000020004944415478daeddd097c14e5c1c7f16773907005a41c0129a252054141a5d5faa28d16cf6a451192082a1ed5d78a1544f0a80768b5564150b45a8f97709904b080a2a0d03656540444908037843b488000010224d9f7f9cfcec44d4842023937bfefe7f3b0d7ec64999964fefb5c630c00000000000080d0e763130040f5f3fbfdd16bd7ae1d9c93933370dfbe7da7eeddbb37baa0a0800d73ac27359fcf1f1515b5bd4183068b0f1d3a34ba57af5effe11802c7102110006a057be2fedfacacac31b9b9b98d6263634db366cd4cd3a64d4d5858181be7182904d9506476efde6d3233330fe6e7e77fb57ffffe81975e7a693ac71038860881005063d6af5f3f6bcd9a355777e8d0c1b46bd74eb50e6c942ab479f366939191b1dfeff7275e74d145b33986c031f49370762f0054dfc9db96abbb74e9625ab56ac5c9bb1aa876ac458b16913ffef8e3ef060e1cb872d2a449df720ca13e1f43844000a8666abecbc8c818a693774c4ccc61af1fc8d96a3257cf34995fcd36596bff63f6ed5c6ba21ab7361151316cbc63d4a041039dc4a3323333af183060c0bb53a64cf9916308f5f1182a8ece030050c5d4815ffdb7d47c57dac97bc3b2ff333959df9882fc83c65f9067f6edf8c1acfffc0d93bb7b131bb012346edcd874ecd8b1203c3cfc058e21d4c7638810080035402338d5815ffdb74ab263dd4726efe0dec39ed7c93c6b6d1a1bb092b46fdfbe454444c42fe6cf9f7f2ec710eadb31440804801aa0293c3482b3b4fe5bfbcba8a9510d0f2a4febd6ad33ed4d5f8e21d4b76388100800354073b8690a8fd2f8f30f95fe663ff3be55a6962d5b1e6f6fe2388650df8ea19244b03b01a06a69125f8d3044cdb3fba1adbd69c53184fa760c95849a4000a8629a7c96497c6bc9492fb01f22388650df8e21422000d442910d8f2bf5b588286a7fc0310442200084a4161dce33110d1a1ff67c786443d3e2845e6c20700c81100800a1a849ab2ea671cb534b7cbe69ebae6c20700c81100800a12affd0fec39ecb3bb0870d038e2110020120141ddcbbcdb9aa43ceb6af0e7b6deff6efccfaa5af39cb001c432004024088d8b579993d79bfee5ce3b534fbb2d7998cc52f9b9deb3f317ee67b03c7102a11f30402403553adccd66fdf736a69ca4397fed2f27bb67d655a9f72858976a62903c710c7108e0d35810050cd542b53de937730d5f6ac5bf20f3620388640080480ba48b53247cb5f90c70604c7102a05cdc10050cd3af7fe0b1b011c43a871d40402000010020100004008040000002110000000a1818121a8d7fc7e7ff4ca952b6ffae28b2faedfb2654b8fcd9b3737dabd7b77446e6eae898888f0376ddaf4508b162d36c5c4c47c62177fe2fefbefff86ad06002004027538fcfdf39fff7cf52f7ff94be2f6eddb23ba74e962e2e2e2cccf7ffe7363439f898e8e363608faf6ecd9d360c3860d27a6a7a79fb86cd9b2eb870e1dba7eefdebd7f79f5d5575f672b02000881401db268d1a25b9e7cf2c9bfefdab52b2a2121c174efdedd8487871fb69c82a04aab56adcc59679d656ebcf146df8a152b4e48494979e58e3bee18b663c78eaba64f9ffe3d5b14004008046a31bfdf1ff1f6db6f7f90949474e1ef7ef73b73f9e5979718fecaa2c0684bf8fbefbfdf79dab4695fde7efbed7fa25610005017313004f526007ef8e1879f2c58b0e0c27befbdd75c79e595150e80c12ebdf452f3e8a38f360c0b0b7be1b6db6ebb8b2d0c00200402b5906a00df7aebad5f3ef2c823e617bff845a5acf384134e308f3ffeb882e0d389898903d9ca00004220508ba80fe0dcb9732fbcfbeebb9dfe7d9549eb7be8a1879a4446468eb741b0335b1b004008046a018d02fee0830f5e561fc0caaa012c4e3582f1f1f15161616113d8e200004220500bcc9a35eb0d4df3a23e7c55e98a2bae68d8ac59b313691606001002811aa65ac0f4f4f4fe9a06263232b2ca7fde1d77dc715c585818834442903d861eb601bf4f5c5c5cbd9951a1a0a0a04a97e718c2d1cac9c9e178ac241c8c0859ba12c88f3ffe18a1695daac319679cd1202a2aea44fbc7be634a4a4a067b20a43c61bf5498366ddaec8b8f8f7fdb86fd897979790ba74f9f9e53db3ff89c39734c6666a6b9edb6db4a7cfd871f7e704e98c5bb4bdc7aebade6f9e79f37313131cefb6363638f6a7959b0608159b66c99f3dacf7ef633f3dd77df39dd28b41e9dd075859ea14387d6976328c7fe8d98e5f3f9a6d6c431b47bf76e3377ee5c638fe122cfbffdf6db46fda67ff5ab5f398fbffaea2bb36eddbac3debf6ddb3673dc71c739332c04072e4db9f5fefbef17ae2bd8975f7ee91c2ff677a7c4f57df3cd378705b8b56bd79a9b6ebaa9c4ffc3bbefbe6b1a376e5ce43314377af468d3bb776f678ed7d4d454a32e419af755b343bcf0c20bfc45230422d4e95270a54d045d554e3ffdf4cccf3efbec3afd0d620f841e7be26e646f12ecc93cc11e57bbedc97c8e7d6eb20dff69494949b9b5e1332a80e924aac025366898962d5b16d69efcfbdfff363d7bf634eddab5731e9f7cf2c9aac57602dce2c58bcdd6ad5b9de7376fde5c7852ffe0830fcc33cf3ce39cfc2bbabc2c5dbad4fcf18f7f34f7df7fbf79f9e5978d0d3e0a43e6820b2e30dbb76f37f3e6cdab4fc750137b33d01e43036d10cb4e4c4c54624aaeaa63e8934f3e311b366c30070f1e74f6d5a64d9bcc9831639c10a870a46341fbb45fbf7e45dea7a0aed0a42b2905d3bed531156ce1c28566d8b0614e98d77b2ebbec32d3a04103e735eddfd9b3679bfbeebbaff04b848e0705437d11d8b871a3d9b2658b13f8d2d2d24cd3a64dcdd9679fed1ca75e085cb46891738c78c155c7f7ead5ab9d2f161ebd77d6ac5985c7bd06ed75ebd6cdb9af30dba449136ffbf3878c1088fa40d7022efe07acaa9d73ce39cd6d08fc0d21b05ed0d9e67a7b32bfde9efc726d209c6e4f30ffb4c7dd1c7b42caaba90fd5a85123f3b7bffdcdfcf6b7bf751e7ffdf5d7810feb9e1c3ffef8637d59295a45f5c413cec95ba14c35871111114e170a9d9015ec7432f602ddd12caf93b7f7f3839fe34b85afb93d7e6eb4776fb487d07e7b0ca5dae76657e63174de79e739b777de79a713c045814aa15021be61c3866a35319f7efaa973dc14090876bf7a612ef83995602b56ac706a11c78e1deb7ce1b8e1861b9ce7150a1f7ffc71e7791d2fde970e1585b6279f7cb2f0b3f5ead5cb0983aa29d67d7d51f028ac6a1d9e55ab569903070e38b57c5e48bce28a2b9c634c2153358be9e9e9ce3af47fecd4a9d361db65e7ce9d458e5142201062366fdedc48df34abd349279da49aa21e6cfd7a4767b81bec09fd86366ddaecb127f3f9f664fe5a4dd4102a5c9d76da69e6a28b2e721eeb642fde63d58a1c7ffcf185352a5a7ecf9e3da675ebd685cbe9243f73e64ce7be8a4ed86ab6d309ba22cbab36464dc1aa3d52339c6aa47462d649bb43870e4e6d8ec22381d0d1d09641f6181a141b1bbbcb1e43f3ec31945415c7909a8355937beeb9e73adb5f61c8abc50df6dffffed7a9c90bb67cf97273fef9e7173e5680d473aa8553ad9ed7acaf66e7575f7dd55c75d555262525c55c7ffdf585b571c5a966d13b2ef44522f867eedbb7cf09b2ebd7af77aeeb2eaa4554783de59453cca143879ce03760c000e735fdcdd735e0f559aebefa6aa7097afcf8f1e6bdf7de2b5ca7967feaa9a7cc1b6fbc4108e4f70ea1cafe118a68debc79b5fe4cfb07a995fd239e67ff808f640fd4dbda9da6f6e65a7b1c5cab9a107b2cfca040549d54fbe1d5e0e8042d0a6ea2a638ef84a97e577aac13f0b469d34c727272e1fbd49f4acd783a412be4a9395927f68a2caf10a85bf507d3733a39abd95127efe0beba0a12d5252b2bcb6946ace5bfa3cd6c89b7c750bc8e211b64aae418d2b1a1be7ff7dc734f89afaba6d7fbf2e051480ba67dab40a97dffc0030f38cfa9a64e35d05e13f08f3ffee8ecf737df7cd3096d3a86f48560c28409263b3bdb3936bce6687dd1d0cf5413b3a8665bafa9cfa977dc2ac4a966d1ab5d56cda6f79a574ba970ab75ebb857d1f2ea82a02f413a7e098084408438af7f4a75d237591b02f47bf5187b00ae9315cafaf6ed5b6d3f509dfbbd93aa77d2563f2d091e59e935cde924adda389d485543123ce843b5411a617fe2892716bea7bccbebffadcefb5e2d9377e2574d8e82a09a0e15181446274e9c582ddbe6a38f3e527f6153977e47eddf942a39861498bcfd7ab4f43756015535700a70deb111fc59f5c540576b52ff6cd53a2ae42934eaf8d1b26a0e2e5e1358bcdf6159141483a93958834714fad44cecfd4c510db41756410844088b8a8af2db20e8abce20684fbe593366cc686eff683fc91e0829e5090c057ebfbfc0fd12107c025fd3b367cf93aaeb83aaa6e558ecddbbb7c8639da47ffdeb5f1fd5f2de48538f6a026fbef966a7694fbf976bd6ac71fa66151f945095d494a9da201b0447d5c263e8a07bdba0b28f21852ad5dc9e7aeaa93ffdb083070b6bce4a9a52a53ccdc17a5d7d44bb74e9e2ac43b5870aacea93a72659d5146b190531af7fa2f6bd8e13af16597db78bd704366bd6acc8cfd5b25eedb1fa0e2a2c7a8f83fb0f2a48aa6bc225975ce2d44e9710a8f96b4608447d10131373283b3bbb41f05415552d32327287fd23939b929232923d103a1212124a3b81ebcc99af5daffc63f77d980d82d9f67681a600b15f44e6a93fd72db7dce2afaecfaae63d35777a3580de084aaf6fa04ee2ea2755bcc3bf46152b94e9f72538949536275b459717af4fa09a03f5193efbec33a7d9f0f6db6fafb67da9da470d28b8fffefb47d6926368bf3d6674ec4479e1af328f21edff7ffce31fce4859f59153add96bafbde6bca6d1c2de44fa6a3929ae3ccdc10a6beaefa7fe851e6fea16ed6b2fd495442380d5e7af478f1ecef1a9a0aaa22f063a4e15e43cfa7c4b962c71ee7b2397bd63d83bb6459f434535ce2004a21e6bdebcf97afb8dbf537586c0952b57fee08602842eed5f55b7a98a39cc2d4a3e9ae724b561c3860bec493bbba63e9c9a661f7ae821e7e4ebd5a088d71cace6b1e2a33bbffffe7b3365ca14a70f97fa5705cff3a693b1d7dfea6897f7787d02bdd03879f2e4c2daa17a46c78baaa41adbd2d0ad9daa92634881f7e9a79f2e3212d6dbfeaaad5360538d9d3752b7f0db4d39275bd6b1a4d0a5265835f3ebe7a9cb406914e03460a46ddbb6cef1a0e355b5770a84fa3c0a99fad9679c71861310bda65eadd30b93aa7dd672deec0ffa52519e301c3c5d9882a3fa1d9616500981401d171313f3a1fda3d2e99c73cea9b69ff9c9279fe8dbfa876cfd9016ee169db467d8f26e7474f49cda324fa0066304d3c92eb8d6af7800d40977c78e1d4ee77eeffdbffffdef0b5f2fde1c58d1e583034570b0d08861cd51a7a63b3551166f3a0e714d82c260951f43c5a742d1b61e3972a43377a3be2c28c82bbc07f79553b782f23407ab465835b99a8c5cfd004b1be9ad5a41bdaee077cb2db738cdc71eaf16510338bc9a43355d071f2f0f3ffc7091f5053727177fad388544cd8b19dc4f51c75ff1df054220104276eddaf5d775ebd6dd9c9f9f1f564d1346e7da6fb99ded2d978e0b516aa6b33769ba62883b7547766dffcc3a9116ef385ffc64aa1a398fa6def0dea713f18b2fbe58e4ca0d155d5ebc7eb9769b39830814fc1400d5dca726cabbeebacb09ab9a1f8e63a8eaa8164e214e356c23468c283c2e544bace656d5c67935630a636ab20f0e6bdef3c1c7935a5a826b823517a1370591f7a540d3c7a89b80fa626a208ab74ed5cee933054f02ade34381d1bb6a48f1392d454dc6c5e79df4a8bfe93befbce31c8b3a0ef5ff5273b3170015fc341045eb7fec31c6efd1431221edde7beffd7ec08001277b938a5625fbcd72ea8409134e484949399f2d1f5a74dd579fcf97614fda338ea6b666fefcf97ef5af42eda01aae8b2fbed8c73184ba740c55056a0211d276eddaf5e09b56f7eedd23aab836307be2c489a7d93ff2cfb1d5438f0df67f612b806308a18669da11d2de78e38de93939395f6986fcaa347af4e8b70a0a0af66ed9b22585ad0e00200402b5c0ae5dbb7e3f73e6ccfdea7b521556ae5cf9f6e79f7ffe3b9fcff7879abc662c0000844020484a4a4ac6c18307ff3066cc987d957de9a54d9b367dfcf4d34ff7b00170787272f2d76c6d00002110a845a64c9932352727e7ee871f7e38a7b26a0455033862c4889fe7e7e7bf6c03e014b63200801008d44253a74efdbf5dbb76fde1f1c71fdf3d7bf6ecbd36bc1dedaab29f7beeb9a4a79e7aea570505058fa5a6a63ecdd60500d4358c0e46bd62035b4a4242c2a269d3a6bd3177eedcae77dc7147cc99679ed9b09c6fcf9d3f7ffeac49932675cacbcbebe4f3f92ea4091800400804ea08f511b437bfb561f0bad1a347dfd9a04183d33b77eebcad57af5e4d4e3cf1c4062d5ab488d5e4b6fbf7efdf9a9d9dbd6bf5ead5df2d5cb830fcbbefbe3b353f3fbfbd7def4b999999531804020020040275330cea724d33060c18d07ec58a15d72d5fbefc7fece39eb66822575de2a099095c23569782fb972d77ba01120000422050d74d9d3a75a3bd19e7160000ea050686000000100201000040080400000021100000008440000000100201000040080400000021100000008440000000100201000040080400000021100000008440000000100201000040080480daf687362ccc5f5050c086a805ec7e58676ff2388650df8e21422000d480e8e8e81ff7ecd9c386a80576eedc996e6f96730ca1be1d43844000a8019191910b77eddac586a80532333377db9b348e21d4b7638810080035203737f7992d5bb61cf2fbfd6c8c9a95b163c78eeef6f62d8e21d4b7638810080035e0820b2e586c4fde5f6edebc998d5183d2d3d3e7dbfdb0f9e28b2f5ec43184fa760c110201a086e4e6e60eccc8c8d8b77bf76e36460dc8cece9ebd63c78eab0a0a0a86720ca1be1e43c585b35b01a0ea4d993225eb861b6e58bc7dfbf6ab9b356b161d1515c546a9c693f7ca952b4ff7f97c7fbce4924b16720ca1be1e43844000a82193264d5a3370e0c0a55bb76eed634f267b6362621ada5b364cd5c9484f4f9f9e919171914edebd7bf79e131f1f7fcae9a79ffe6eb76eddf25ab66c996e5f2be01842458ea150facf110201a09a4fe203060c98b56bd7aeee9b376f8ec9cdcdfd362c2ccc171515d5a4b69eccd7ac5963fef18f7f98162d5a9856ad5ad5eaedab39dc76ecd8f1f1dab56b3fffe69b6f7eb67ffffe08fbdc00aff6c606c019f6a6972d7d1a376e7caf7d7c9a2dfbbb74e992b97af5ea831c4355272b2bcbbcfffefbce31d4a851a33a7b0c8512be3e00400df9e0830f7ad893765f7b37ce969eb644d7c6cff9d65b6fa939ccc4c4c4987efdfad5f6cdaa497c35875b9a3e7af10efc89898967f8fdfe1525bc6fbb2defd8fd916ac3545a5252522ec750e55ab66c99f9e28b2fcc99679e69ce3aebac3a7b0c11020100f546424242e1bc24d1d1d10deb4a402ae3ff739fbd79b68c45726c9961c3d5ec2d5bb6cc494b4bcbe328a894ed3ed2de3c66cba8949494916c919a17c12600009471e28e0b7e7ce0c0013d9e5797ff4f999999e36263636fb277bb95b248135b06f9fdfe4176b9acc4c4c405f6f1c4ba544308940753c40000cad237f8810d467fa8ebff21d5ecb9ff0fd5f01d69f6e59676d9045be6e6e6e66e8b8f8f7f8d4302844000407dd0a75808bc2c2e2eaeceb722a5a6a62eb2ff972413e81655de11c24decfbfec0210142200020a4c5c7c79f6b6fdafb83ae55e6f3f91ab56edd3a2e244e8061610fda9bacf29e0b535252e8470f42200020f4d9c077937beb2bf6fca050f8ff2527272b000e771fe6b3c74108040020e0ca52c2e19583060d8a0e85ff604a4a4a92bdd1fc6f9a37b7a08ce5a8050421100010fa1213133bdb9bf6a6e48113cd727373cf0d95ffab0db5de209152cf89090909e34325f80284400040a9fc7effad5e462a2538dd182affd7e4e4e4afedff67b4fbb0f81430379bc0bc81836df09ddbaf5fbf588e0e10020100a1accf114262df501825ecc9cbcb7bd2de6c344157dc5013b09a8b6d40fca57d986e4b5c7878f817fdfbf7efcde10142200020e45c7ffdf53dec4d2753f6d42931b1b1b13d42e5ff3c7dfaf41c1b6cef2ce935d5144647472b0826d9121b1616363f2121e1e1500ac120040200600a0a0afa96f31cf1a750fa7fa7a6a6ceb1372a870d04d19542ec736a1a7ec404fa0f3e614370f2a041839a73c480100800081583cab390cfe7bb34d46ac36cd0bbaaac91c0f6b5bfd89b44bfdf9f6d6fafcbcdcdfda85fbf7e9d3864400804008482f6e559c806a1d6b1b1b1bdeadbc6b14170464141819a8797dad24dfd04e3e3e3afe4b0415dc3bc470080322524248cb4378fd932ca06a0916c9100d582da103cd6de1dec86e2d76d381caafe856c1d8ea3ba809a4000008e425a5a5a9e0d3377dbf077b77d98ebf3f96e0b0f0f7f87696440080400a01e484d4d7dd1de9c6fcbf726308dcc928484849e6c191002010008712929294bf3f3f3cfb4776798409fca4f1313136f63cb801008004088535f401b06fbf9fdfe07f5d8debee65e6e8e69644008040020d4a5a6a63e6d03e035e6a7cbcd7de45e8b192004020010e241708e0d82bfb677bfb6a59bbdbfc406c13e6c191002010008fd20989e9f9fff4b9fcf97621f36b14170a62e37c796012110008010a77e82c9c9c989f6ee28e35e6e2e3e3e7e66bf7efd9ab0754008040020c4b993235f6ccb469fcfd747d3c8d04f1084400000ea47104c8b8e8e3eddde4db3a533fd0441080400a09e484a4acaceccccbcd8e7f33d6ddc7e82360826338d0c0881000084385d6e2e3939f9411b046fb00f736d104cc8cdcdfd94e66110020100a8076c109c121616a6696474b939a779383e3efe4ab60c0881000084b837df7c73b9cfe753109c674b137bff9d848484916c19100201000871c9c9c959292929979bc03432f2980d82ef308d0c08810000d403ee343217da9265cb959a46263e3ebe5b35fdf89eb6b4642f1002010040cd04c1b4fcfc7cef72739d7d3edf1709090983aae1472fb745d3d574632f10020100400d983e7dfaf741979b8bb065427c7cfcd8b8b8b888aafcb126d02f31d696b1eecf0521100000547310742e37e7f7fb1fd4631b0887c4c6c66a1a99ca6eb28db6e5655bdeb065a32dbfb3e51bf7799a8709810000a026a4a6a63e6d83a0d73cdcd3de5f9990901057890170a62dcfdb32c796876d79df96576cc9b1e53af60021100000d45c105ce4360f2f3081e6daffd820f87025ac3ad796bfd972992de36d596acb42f3535370b62d9d6cd128e5f6ec0942200000a8666a1edeb265cbe5eee5e6e4091b04a71fc3e5e69eb0a587095cc738c50d7ad16ed148e1043770ce7503e265ec85d0e363130000cae24e5efc982da3dc694c5083121313fbf8fdfec96e70fb3a3f3fff2a0d26a9e06a14f0e24ca0d62fdd0d858fb80150a130c75d4e3fe7665bf22ab2f2f8f8f8076c60fd6b7997b7c71579a40650130800401d929c9c3c2ba89f60e7f0f0f02f140c2bb89a6c37ec696a98fb6db9c1bd1f111400dbbbe12f788088826379ae719c5681cfb291bd4a08040000e5909a9a9aae7e82360cceb20f9bd8db990909094f5460157f3681811fcfda72a71b0a9bbb2150457d0e356af8495b32ddf7a8e6f1563708f63cc2e75b54de70673ffb3cf628211000009493fa09dab0754d503fc187131313e7f7ebd72fb63c39d20d7bd7b80150d447b0bb2def9840ade055b60437336bfe404d59f38a1b18071fe167bc519eff87fdfc53d99b844000005041c9c9c90fda2075b9dfefcfb6a5777878b8a691e97984b7a91fa046020fb465905beeb265951bfee6145b7ea4f9692e4105c005ee32434ca086f030f6b3cc28c7c7cfcacccc5cc85e2404020080a30b82f3c2c2c2d44f503577eac3f7517c7cfc916aea14e85eb725c92daa1dcc33870f02e96d024dc26ae2d59431134ca05f60862de34c6024f1b9c557ae266bf73da55273765a5a5a1e7b90100800008e3e087e1d1d1dedf5138cf6f97ce31312122654e072730a6c97167baea32dbf75c3a2a68f511fc2a126d074dcdb7d4eafa936f03e1318751cecad32434858d85bec39422000003846494949d9ea276802d3ba6832e8416ddab459929898589e11bd1bdde2d5ea29e06900890687a8b64e03455e32811a408d2c568de36beeb21aa9dcdd7d4fa1f0f0702d975fdacfdbb265cb02f61a21100000549294949424af79d8e7f3f5f0fbfd4be2e3e3af2cc75b3552583582aa3dd41c81ba8c9ca68c510ddfbf4ca006b0895bfabacb6b598d4c1eea06c44253a74e55a89c5fd20fd2a8609a8209810000a092bdf9e69bcbd53cec5e6eae89bd7d47979b2b67f3b0ae10a251bb59263078447d02a798c0c860f53554bfc047dc80a849a19f77973d8cfdb9a535f9fe8bbd44080400005540cdc3badc9cdfef1fe73ef5446c6ceccc725c6e4e237fd5b730cd0446022bf845bba14f4dbf13dd5bcd35a811c5cb4b5b515e5e9e9a84f7167b7a7b4141c11cf61021100000541135b9a6a6a6aaa9b69f1be2aecccdcdfd343e3ebe5b3957a15a400dfe508d600f371cce313fcd2b9854d69b359fa1095c8338d85cf7791002010040554a494999e1f3f97e6902730476b6f7150413caf9f65c37086a30882e51a73e81dea09123b23feb8d628f19154c08040000d5c59b46c604faf7a99f60b20d82632b308d8c9a86d50cacc11ec3dd70784451515169653d062110000054b1a4a4a4dc9494941becdd51b6e4d92038243636b6bc979b138d321e638a8d043ed2cfb437dfeabefd796bd457913d410804000035c006c191f62651979bb3b771e1e1e15f94e3727332da961915fd792d5bb654eda369d5aad50cb63e21100000d46c109c515050a0e6e1a5263017e0a736080eaaec9ff3e8a38f26eeddbb77e4e5975f6ef6ecd973df430f3d3488ad5ff3c2d9040080b274ebd62dcedea87c989e9e9ec616092dab57afded1b265cb094d9a34696102570be9d3b56bd7f6ad5ab59a9b91915170aceb1f3e7c78df2d5bb6bc79f7dd77875f76d965a663c78ebe7ffffbdf57c5c5c57dbf68d1a295ec014220008010881aa2b067f7ed5c1bfeb6fb7cbe8b6cf9950d8557d87d3fdf3e7fd4fdf7540398999999ac0078d6596739cfc5c6c69a134f3c31ec3ffff94f9f0b2fbc90205883680e0600008ed4d4d417edcdf9b67c6f8bfa072e494848883b9a758d1a35eaa60d1b364c193c78709817003da79f7eba19326448f8ce9d3b27dd75d75dd7b0e56b063581008032511358bfd87dbcb94b972e13c2c2c294dcceb06560d7ae5d0fad5ab56a614502604646c6ffdd73cf3d61679e796689cba846f0e4934f0efbf0c30fafeddebdfb972b56acf886ad4fa375eda100002000494441540804001002518356af5e7db065cb96a98d1b378ef1f97ce7d9d2db1e07dd6c389cabd78e100007d80098a40068c35d993fa74d9b360a82e19f7cf2c9b53d7af4f8c206c1efd8fa8440000021103548fd0457ad5af5fee9a79fbec93ebcc8961e616161d7dac7ffb2c7415649ef193264481faf0f606935802505c14e9d3a857ffcf1c7fdba76edbac4aefb7bb67ef5a04f20000028557272f2eb7ebfffd72670a590cef6fe92c4c4c43ec597530d607676f68ce04120e5a53e82c3870f8f8c888898191f1f7f255bbd7a501308002813358158b56ad58f5dba7499181e1e7e927da88497608f0b5fcb962d17aac6f091471e19b87efdfa494713003daa113ce9a49322162f5e7cadfd592beccffc962d4f080400100251c3d417d0eeffb7bc6964ec53bd9b366d7adee5975f1e939999f96a598340ca4b83453a75ea14f1d9679f1104ab01cdc10000a0dc348d8cdfefbfd0decdb0b7bdb76cd932be3c8340cacb6d1a8e8e8c8c9c96989878195bbceaf8d8040080b22424248cb4378fd932cabdde2c60eebefbee013b77ee9c7cfbedb7fbce3fff7ce7b9ecec6c73e79d771eb6ec0b2fbca06b06173edeb76f9fb9f5d65b0f5beea5975e322d5ab470eeaf5cb9d23cf3cc33fbf2f3f3fb262727cf638b573e6a02010040856810c89e3d7b260e1d3ab430004af3e6cd9d10d8a851a39f8246589879e595578abcffd5575f35919191858f8f3bee383370e0c0c20028aa11bcefbefb1ad9f7cf60b00821100000d47c00d444d0a50e02b9e0820b4cdbb66d0b1f17141498b56bd79aa54b973a8fbff9e61ba796efd0a143cee388880813131363745de1e2d4c43c62c4088d1a4e21081202010040cd0640e74a20658d021e3c787091dac0fdfbf79bd75f7fddecd9b3c78c1f3fde690ef668b9db6fbfdd8487973c56f58c33ce68e00541fa08562e46070300cac4e860c8a38f3e9ab87efdfa89e51904d2a4491373f0e0414d386df2f2f29ce75423b87cf972939595e5dc97a64d9b9af3ce3bcf5c78e18565aeaf4d9b36e1279f7c72fea79f7edae7b4d34e5bc5a8e1ca414d20000028d3f0e1c3fbda003879f0e0c1e51e057cedb5d716a90d54f3af5d476133b0a829b87ffffee55a9ffdb90d870d1b16191e1efe264dc38440000050c55403b86ddbb6d48a4e04ade65dfb1ed3b871e3c2e7fc7e7fe17d0d22b9e5965b8a04c52339f3cc331b8f1831c2471024040200802aa42b816cd8b061cad15e09e4d4534f7546f96a847091f0611fb76fdfdef4ecd9b3c2ebecdebd7b93e1c3871fb2eb984a1f4142200000a86483060d6afedd77df4d8e8b8b0b3bda4bc189a67e09ae01143dbee69a6b8e7a9d3d7af468d1ab57afdd763d73f539d95b844000005049929292b2bb74e932282d2dad60c58a1547bd9e37df7cd3f87c45af4da19ac0d9b3671ff53abff8e28bad0b172e8cb1ebbd5c9f93bd450804000095e8b1c71e9bd8b66ddbc4b163c7162c5bb6acc2efd79c805f7ef965e168604f7e7ebe59b76e5de1dc81150d80cf3efb6c43bbce015c498410080000aac8534f3d35edb8e38eeb3b7efcf8fc8ad4082ae8bdf8e28b262727a7f0b9e01ac15dbb7699091326149933f0486c682c0c80a9a9a973d83b844000005085c68d1b37ab79f3e6d7d9dbfcf2d608fef39fff2c12f07499b80e1d3a14b95c9ca68b99366d5ab9d6f7edb7df6e193b766c030220211000005473106cdcb871bf175e78e1d09182606666a699376f5e9110d8b06143f3e73fffd99920daa32b882c5ab4c8ac59b3a6ccf5a90978d4a851cdfc7eff2d044042200000a8662fbdf4d2ccfdfbf75ff1fcf3cf1f2c2b08bef2ca2bce15433c9a0b5073022a00ea9272d1d1d185afe992725a5ecdc7a505403501db00a83e80b3d80b844000005003a64d9bb6e0d0a143578f1f3f3eb7a420b870e142b371e3c6c2cbc5c909279c60ce39e71ce77e972e5d743de0c2b9031516f7eedd6b3ef8e083c3d615dc0790004808040000354ca3720f1c3870cdb871e37283078b646767abb6d00975c16ebffdf6228fefb8e38e22238677ecd861264d9ae4dc7a5403f8dc73cf35b477e36902ae1a3e360100a02c09090923edcd63b68c4a494919c91681a77ffffebda3a2a2de19326448f4b14c285d9c6a00bd00c8343055879a4000007054d4347ce0c081ab5423f8f9e79fe7575600f44601130009810000a0f607c103c71a04bd26e0fcfcfc1b4b68026e42ae21040200805a16046d70ebab20b87cf9f2a30a82de2010537a1fc0ab6cf9fd115673bf2d67bbf713dde01861cbdfd94b844000005005d474ab20387af468350d1facc87b830781043501ffda96276c19e596d36c1914f458e5235b628256f5a32d2bddfb1d6dd1e54a344cb9803d74b870360100a02cddba758bb3372a1fa6a7a7a7b145501a7b7c7cdfa54b97c5567f4d0bd3ae5dbb23e68ce06b01a7a4a4bc17f4d208b7a4b9659b2d9fd8f2a6fbf8802d736d596b4b275bce7383630b5b6e7703e122775d57d8a2751f674b2e7b2a809a4000005069dc7904fb3cf7dc7307972e5dbab7ac657529b8d1a347eb122237156b026e64cbc7b69c60024dba2add831e1fe706bf25eef219b668a2c1af6d9969cb10136806bed22dc65d7e1c7b8810080000aa3008fafdfe7e63c78ef52d5bb66c7749cba80fe0a851a3a24bb91288ae37976acbe3b69ceb1685b85fb8f7d5efef8aa0e5d5e4ab26e8436e403cc51685cb5c372076b4255e6193bd430804000055487dfbf2f2f2ae1e33668c6fc99225458260f028e063b812c8be628f3b9bc0e011d518aeb665a72d0b6c49b765bd2d4fb25708810000a01aa846d006c16bc78d1be75bbc78f14e2f007a7d00cb712510d5ee7de19635b67c13f43878b087fa02de668b06957c50c27a181852820836010000a8ca20d8bf7f7f05c199c71f7ffcee4d9b3635b60130b19c97828bb6e51cf7be9a7873dd60280d8296fbd42db7b2c5cb8f9a40000050e541d0deccdeb871a3a673995d816b017f6f024dba2a5fdaf279d0e335e578bffa0ef6087aace0d89b3d4208040000d5c4eff77f1f7c5b4e9a0bf0a0f9a9f6af20e8f1a823bcf797b69c64cbf2a0e72e33456b100981000000b59cbab0ed2ae5354d1df32713981f502385d58cac7e83d3ddd7f5dc6bb65c6dcb0a36e54f1b140000a0b64b2ee3b575b6bce01651dfc1d141af0f61f31d8e9a400000004220000000088100000020040200008010080000ea97045374debde206b2890881000020f468d46df3325eff2d9ba8ee608a1800007024ff6bcbd72630ff5e8f52c2e12236132110000084961c5b3adad2d2969fb9f783fdce96b7d84c84400000105aa6b8b71ddd9256ec75d504ceb065009baaeea04f200000a8882c5bdadb32d396c1ee730b4ce0d26ca843a80904000015a1b0a766e17e41c12fcbbdfd9acd4308040000a129b794b0a70123efb2790881000020b4a8e977a12dcb4d603ec0266e20f464db328bcd4408040000a123c10d7fe9ee63f5092c3e254c4f3718e6b0b9088100002034a4147b9c69cbd262812fc70d8bafb3b908810000203469ca98e2a38197ba05750453c400008023691f74bfa329793a985e26d0248c3a829a4000007024afd932d496ceb6c4bb21d0bb8a889a86636d79c3966e86da40422000000819a92650d3976602a38015fe926c19e4dede674b861b025147d01c0c0000ca438343c69bc07c80a7da1267029346eb36d70d87200402008010a3b037b5d8735edf4005c0e66ca2ba85e6600000501e9a1750f30076744b9afb38cd7dbd239b8810080000428bc29eae0fdcc9969bdcfca0d077b22dff6302034374c9b88d6c2a42200000081d33dcdb45e6f02b85783451740a9b8a100800004247a61bf28c1bf4469a40ad9fd72730c70d87ce1544e2e3e31ff0f97c7f2d655d8f2524243c16fc444a4a8a8f4d4c08040000b5cf9526d024ecd5f429fc2d087a5d83422eb3e5153d080b0b5beef7fbd96ab51ca3830100c0912c34816b027bd70a56cd60465059ee3e1fa77f929393e7d99bede55c37fd0809810000a0962a3e07e0eb252ca35ac034ef81dfef9f599e15dbe5e6b1796b06cdc10010da34b9af9aeabcbe5b9ad4776bb165c24da0a96f289b0b95c586bb549fcf775b198be4ebd8b3cb4c656b1102010095ef7313b8ac575906956319a0421a356ab4303737575f38da94b288be7c646566662e646bd50c9a8301a0fe50e7fe8e6ed17c6fb16c125495a4a424d53acf2d6b19bfdf3f2b2d2d2d8fad45080400541d5de3b5af0974dc57b9df70850754bd89a53c5fe08490b0b0b7d8443587e66000a81f74b5870f4dd166df456c16542535f5b669d36697cfe76b56ec2555426ddcb265cb02b652cda1261000ea6f2804aa949a7a6d009c5cd26b1a154c5370cda2261000ea078dfe1d60cb6fdcc7ea0fa8693fe8948f2a65c3defb36080e0e7aecb78f7585907fb17508810080aaa7497e2f6633a0ba6dddba755e9b366d36d9dc77bc1ebb0130aba0a0600e5ba766d11c0c0000aa8cdb243cbfd8d3f3a64f9f9ec3d6a959d40402406853dfbf914758e667b674b565389b0b5544a38407790f6c2864543021100050c5e6b805a831d1d1d18b7273730b1f474545a5b1556a1ecdc10000e9c926405571278efe5af77d3edf1afb389bad52f3a8090480d0a66bb726d9d2d9967b6c1965cbc662cb9c6bcb5db6dcc0e6aa3bfc7e7ff4dab56b07e7e4e40cdcb76fdfa97bf7ee8d2e2828a8b59f372b2bcb2c5ebcd89c7df6d927dd72cb2dfedafa396d48f54745456d6fd0a0c1e243870e8deed5abd77f08810080bae8545b343d87ae1672a71bf6345d8c268e9ee52ef3842d77b3a9ea0e1bfefe77e9d2a5637273731bc5c6c61a95a64d9bea0a1cb5fa735f7bedb5b57edbda20edb3c1bae5eeddbbafc8ccccecfddffffef7abfdfbf70fbcf4d24bd343ed380ae7570900429a4665ea12712fdbf25f13989b4dd7736d6d020341aeb765822963bec06eddbac599c0a5e63e4c4f4f4f6393d6acf5ebd7cfcac8c818d6b66ddbc8ce9d3b9be6cd9babcf9d09ccbc8263a5ed181515656262624cbb76edc26db08eddb367cfcd37dd7453fac48913bf09a5ff2b7d020120b4a9c5e7635b7e6b7e6afd89b6a5bd2deaa7b5ca04e610441d0980b65cddb56b5773fcf1c713fcaa810d82a67bf7ee0d6d189cbc60c1822b43e9ff464d200084b60b6c79cf962f6cb948e734f7395d3778aa09d40e9e67cb3e5b7694b4026a026b073501ab06b04b972e4e2d55710772b69accd5334de657b34dd6daff987d3bd79aa8c6ad4d44540c1bef183568d0c0b468d1222a3333f38a010306bc3b65ca941f43e1ff454d2000843635f36a246686090c0859608b82dcd741cb4c71431e6a290d02c9caca1ad3a143875203e08665ff6772b2be3105f9078dbf20cfecdbf18359fff91b2677f72636602568dcb8b1e9d8b163417878f80ba1f27f22040240687bcc040686a8194b13476b50c8785b1eb0e5615b9e3581c9a4bf6653d55e1a05ac41206a9a2cc98e751f99bc837b0f7b5e81306b6d1a1bb092b46fdfbe454444c42fe6cf9f7f2e21100050dbfd60cb0c13a80d8cb365882d9fd9f2b409d4006a70c82bb6fc954d557b691a188d002ead0fe0fe326afb544b88cad3ba75eb4c13186d4f080400d47a3a69693048922d7f3181a661b9cc04068be8f5e7d94cb597e6016cd6ac59a9affbf30f95fe667f011bb012b56cd9f2781322dd2798271000429bfecec79ac0e8e05bddc7d96e2054f3706f5be699406d216a294d04ad790051f3ec7e686b6f5a11020100b5dd5213a8e97b30e8b958f736cd96e66ca2da4f5702a9ed1341d717ee7e0889fcc4110500a16d7909cf65bab7aa09fc9e4d54f745363caed4d722a2a841042110008090d4a2c37926a241e3c39e0f8f6c685a9cd08b0d0442200000a1a849ab2ea671cb534b7cbe69ebae6c20100201000855f987f61ff65cde813d6c1810020100084507f76e73ae0c92b3edabc35edbbbfd3bb37ee96bce32002110008010b16bf3321b005f77ae135c9a7dd9eb4cc6e297cdcef59f183f7306220853c4000050c7a8666febb7ef39357de5a1cbc769f93ddbbe32ad4fb9c2443b53dda1bea3261000803a46357be50d80c15463b86ec93fd880200402005017a966ef68f90bf2d88070d01c0c002853bb76edb2376fde6c3a74e8c050d35aa273efbfb01170cca809040094ead1471f4ddcb973e798cb2fbfdc6cdbb6ed99871e7a68105b05200402004ad7d2967383eedf66cba062e51df3d3757c25a194750d2ae3b52a337cf8f0beebd7af9f3c78f0e0b01b6fbcd1dc73cf3d615bb76e7d7de8d0a1d7b37b01422000a064596e08bccebdffba2d736cd9684b8a97b3cc4fd7f1956c372c9624b33a3fbc6a00b3b2b2a6dd7df7dde1679d7596f35cf7eedd1504c377eedc3989200810020100a57bd1fcd4f7baa51b06d52b7fb21b049b98a27db3e7d9b2c8968ec58adeab1a43d506f6a9ea0f3d6ad4a89b366cd8304535805e00f49c7efae966c890214e10bcebaebbae6117037517034350ef0d1830a07d5e5e5e1f9fcff71bfbb0877bb2d5c939d7964cbfdfbfdcbef671787878cad4a95337b2c5500179e6a75abfb1b6fccb165de0f57b37d0dd614b3f13a81df4a4dbd2d9146d26fe99bbaee56e90acd200989191f17f6afa55cd5f49f4fcbdf7de1b3e66cc98d41b6fbcb1dfa4499366b3ab0142205067242626aa46e5ae8282820b6cc86b50c222d1b674b4af75b4b77df2f3f39f4d484848b38fdf484e4e9ec216c4110cb2a5bd0934f1be58c2eb0a7e99ee6db41b0a63dd8038c3046a00d3ddd7753fc396b42a0e80038e14003daa111c366c58e4e8d1a3a7dd74d34dd74e9c38f15d763950b7d01c8c7ac706b98e3600cef3fbfd336de96d4b830abc3dce2e3fd9aee3a37efdfa75626ba20c49b6e8cb823729db0fee73efbb65811b1025d70d7e6a0a6eee3ea7d79fadae0f3b64c8903e6bd7ae9da826e02305c0e02078df7df735b05fa466dadfa9cbd8e540dd424d20ea95f8f8f884b0b0b0bfdb93d671de73e1e1e1a65bb76ee69c73ce319d3a7532cd9b37374d9b3635fbf6ed33d9d9d9262323c32c5ebcd82c5bb6cc1c3a74c87b5b2ffbbe2fec89ef4e6a057104b9eeedc926503b78aafbb8a329dae49be3dee605ddfe2be8f52a1b18a21a4005c0e04120e5a520387cf8f0c8679f7d76a6fdfdea979a9a3a875d0e100281da1600afb401708a0d80e15ef8d3dc67975c728969d5aad561cb376ad4c829eddab533e79d779e1308df7df75d3377ee5c939f9faf459aa856d006c1681b045f670be308d4ac9b6402033b54039866cb6f8ef09ed74b089395ea91471e1968bfe82800865534000607c161c386458f1933663a4110a83b680e467d0980aa019c65439b130015ecfefad7bf6a50488901b024aa21d4f27adfcf7ffef3c2e7ed3a5fb34170205b1925081efdebd5fa35779fff5f13a80d2cf3b03381be82ff53550170e3c68d13d507f06803a0474dc8c3870f8f6ed0a08182e095ec7a801008d438f5010c0f0fffbb17004f3df5543372e4c82241ae22f43ebd5fb51f4141f0651b043bb3b5114441a897090cee186ccb87e6a7c11e5fdbb2d49654f3d384d21a99ded3049a81bbb9cf7935862b4cd111c4c74c4dc05e002c6f1fc023719b86a3232323a7d14710a8fd680e46e87fd3090b7bddeb03a81ac061c386397dfe8e859a89870c19e284c10d1b36e829350dbf666fcf678b23c82beead42df205bfe5cecef6e961b0a8d1b06b57c8e1b1e3528a479d0f2afb9b71a5492722c1fca1b04a226602f00aabbc39d77de79d8b22fbcf04291da72f595bdf5d65b0f5beea5975e322d5ab47082e08811231a3ef3cc336fd920d8373939791e8701503b85b30910ca340d8c0d670f3a077b78b879f8e187cbddfc7b24919191a673e7cee6dffffeb76a02f554077b02fc213d3dfd4bb63cac6f83eeab3f9f46feea3271b383ca7c5bd6bbcba866f0a07b7fbdfb5af1e5670785c6a3a21ac0cccccce4e28340a2a3a34debd6adcdead5ab0b0740d92f50cec0a8dffce63745c2de8f3ffe68ec172be7f171c71d67aebbee3a135c9bd8a64d1b73f2c927477efae9a7d79c76da695fae5ab5ea5b0e876373e38d378e3ce18413d810b5c4ba75ebcce4c99347d5f94a12762542dc5dde1d0d0239da26e0d2687d575ef953f7271b06ef389af5f4efdfbf774242c2c3ec2e54257722e849a58d02bee0820b4cdbb66d0b1f2be8ad5dbbd62c5dbad479fccd37df98952b571686c4888808131313632ebbecf0965f85c211234644da65522ab38f20bf2b4767e7ce9d85c1bdaecbc9c939e232a1f27fad6a34072364e94a20f60fc185baef8d04ae0a3a01bef7de7bde89b197fa20a6a4a46494f59eb8b8b888d6ad5bc78585855d6d1fea1aac2ddc97fec29e431506c0234e043d78f060f3e73fffd969f695fdfbf79bd75f7fdde94b3b7efcf8c2e745dd226ebffd76e7f7ab24679c7146031b04cd33cf3c9392989878ddd1340d17fb5dd1209996fcae549c6a6cd5dcaf9a5c852885f7850b179a83070f16067cd5e87a2d259a164b5f006c80379f7cf289c9cdfd6970baeee7e5e599dffffef785814b7f5fdf7fff7de7f1db6fbf5de4677ff9e597e617bff885b3aee2b66ddbe6fcece2014e3ffba69b6e2af1ffa2591a1a376e5ce40b7871a3478f36bd7bf736fab2939a9a6a7ef7bbdf39b5ddf7de7bafd3c50184408438f75270e15ead84fa2b55058d1ad61f9acf3efbcc7bea3afd0d2ae964d6b66ddb73fd7effadb65c663f5b2c7b09d5e1d1471f4d2cef95406263639d2f369a0a49015014fc9e7cf249b37bf7eec2e5d4aff6d7bffeb539e9a493ca5c9f82e0f0e1c3f39f7df6d9641b026e28cff431c1bf2bf6616f13b8f20a8e8202dfe4c9934dcb962d9dd0fed65b6f39739e5e78e18566f9f2e54effcea8a8283361c20473f3cd3717beef57bffa959933678e13c8543bfcb39ffdcce91e20fffdef7fcde6cd9b0b975598545f6b8543052d1d3f0d1a04e6e0dfbe7dbb993d7bb62615771efff0c30f4ecdb282a19ab7376edc68b66cd9e204beb4b434e7b83afbecb39d6e365e085cb4689199376f5ee1cfd76752b705fd3f3c7aefac59b39c702b0ab39aff55d474dba44913e7befdbbcb414108447de05e0bb8f00f5a55d2fa8342e06f8243a04649da3f5a97dacf738b3da9c5f08708d5c906b0beebd7af9f1c3c08e448aebdf65af3e1871f168640d572db75787d5f03278f880835cd966b7df6e736b421a160f4e8d16fda20787d6941d0fb5db17707d99fd59cbd77ec147e14ee14dcc68c19e384a9534e39c5991f75cd9a354ee8524d9c429a029c28d0a946f8f1c71f771e9f78e28945d6a9e5140a3d2b56ac30f6f83263c78e75c2e60d37dce03caf50a875e8796fdd279f7cb25314daf4c5425443d9ab572f270c6abdba3f7dfaf4c2f5ab264febf0ac5ab5ca1c3870c0785d1a1412afb8e20a27002a64eaff939e9eeeac43359aba0840716a1e57ed282110085d3dbc3b47aaad38561d3b760c7e78664242429cbdd5d7d82becc9ac35a10f354135806e00acd09540d4bcab93fab3cf3e6bf6eeddeb3c171c0055fb7dcb2db738354be575e69967361e316244ce33cf3c531804070d1a146d83c2b9eeef8a2ee1d89edf95caa7003673e64c67d2fbefbefbcedc75d75d455edfb46953917e9d0afdc5835f69d44754358aaa8553added0a1439de7556bfceaabaf9aabaebacaa4a4a498ebafbfbeb036ae38352d2bb029cc2994aaf6d0a35a687d6e7d09f15a73548bd8b0614327cceab32af8690e5751eda2fa6aebb35c7df5d54e13b4ba31a8cb8e47cb3ff5d453e68d37de2004f2eb8110161b7cd2aa4ac5d67fbc2dff399af5d8f03892dd86cad0ae5dbbec0d1b368c39da2b81a80fa0a67b514d4a70277b35c9b56fdfdef4ecd9b3c2ebecdebd7b93e1c387eff8dbdffe966a8ff52c1b003b1cedffafbefdae9467304469214dfdeb34625b4dac6ac655f3b0ca35d75c53e27b2a12c4d5d7eff9e79f779a7c1f78e001e739d5d47dfdf5d7854dc01a4ddeaf5f3ff3e69b6f3aa14dcdc19a5a4b4dd09a9a48b5ca7a5d541378d14517394dcca22f1a7a4dcdd65ed0538853b0f59a7e55bbe9bda67589666fd0baf7ecd9e3142daf6da0a661054e02202110a1aff06be7b1ce0b782415a9113982c7d86da80c3ad9abb3feb15c0964e0c081c1dd1c1caa112c2d3c94478f1e3d5ad893f781ddbb7777e077a5fcbefdf65ba7c9b3a2ba76edea84796f108777abfe76afbc1298c6f28c33ce70faff9535d0a2340a571adca11a380538053e7d51e8dbb76fe132aae97be491479c1a6635c12ae429342ab86959350717af09d47b8ef6efaf9a83357844a14fdbccfb99d2a14387c2b00a422042fccbb31704f54db02a8360f088c912e8af99dad222cbb1aa51ec3654067bb2db939696f64cf7eedd8ffa8a20aab951ad507053b04eda3a819f76da6947b5ce2fbef862abfd7dd4efe58fb6149fb3493fa8bcd550f5ea77e594534e39aad0abfda59a32052b6fb0869a46550be7d124fa0a816a2a56cd5e4568bd4f3cf184e9d2a58b5363ac6986547bac3e796a92d5cfd4320a626ad6f582a33e97f779e2e2e20eab096cd6ac59919fa365bde3587d07f5f7dc7b1cdc7f5041524ddfeaf3a8d1c1c5d1dd801088fa23d316a747b09a05aa32046afd4136d993e6ffda3f36eae0dec7141dd9a87964342743e392d69392923292dd86caf2d0430f6d183b766cf29ffef4a70a3709ab36457daf8acfb7969f9fef34a9a949afa24dc20a80cf3efb6c43bbce04af4fe0fefdfb7b97f2bb526620ac6fbf2bb7de7aeb51d77c2a84a9cf9f3798c36b6a0da611c2dae7150d810a6beaef77eeb9e7163ee7d5282a9c79a1ae246a9ed617e81e3d7a3853d5a8f64f458336d4cf5041cea341264b962c71ee2bac2a487a21d29be646f4395482432e0881a89f967b2150a3e02a7ba2e860baaa42f0b9ce1dfd38c77ec31d1a1b1babab966874f065ee49ceab11d4c45b9af3a001bb0a55e1a9a79e9a3664c89083e3c78f9f616fc3cb5b23a8a0f7e28b2f16e987165c23b86bd72ee724abdac0f27685b0a171eb73cf3da70038c01b1d9c9494a4df81b27e573c05868b1b54c9975715edeb4f3ffdd4a941938a34c5aa0f9e4297f7a5415f3634fab7340a701a30a26967f43759a153b5770a84aa3dd497757df15013b502a2777c699d5e98d460252da71a44f7d83ae2e7d47432c1f3592a382a0c9716500981401d674f261fda9389e6ec739a27822f7d55d9b4fe201f7a77d2d2d2f4d774865b8c3b6a589d652ef3022a5095c68d1b37cb06c0ebeced8cf28e12fee73fff59a48b833ad9abc950fd0cbdab85e876dab46966d0a041475cdfb7df7ebb65ecd8b1d1c101b0387e57aa962670f646e77a615ecdaaba54a00670e8b5e079f88ec45b363333d39930fcb6db6e73fa017acf7f7d4e640000079f4944415417a75a41bdaee0a791e56a3ef678b588eab6e3d51c26272717f91cbae467f19fefd504167fad842f20cef11bdc4ff1830f3e281c4442080442f1e08e8898959f9fafc9a522348fd58e1d3baa64c2687d93fefcf3cf839bae6694b66c4a4a4a9ace77ba1f1f1fafbf7cb79650eb01547a10bcebaebbfabdf0c20ba97ffad39f22cb0a823aa9ab0f597008d4741cba8a883ad4ebf7c83b61ab06477dc0ca9a82494dc0a3478f6e6683c780f24c14cdef4ae553ad9982951702bd9a3e8541052d6f94ade7f8e38f779e2f29d069fe487b3c39d3078926170fbe42c8cb2fbfecbcdfa3a6684d1fa35a657523d0d4335e0054ed9c6a0683c3a7069928307a570dd1a096e2f4f98b7f668fa69279e79d779c10a9c12f6a465673b3170015fc341045eb7fec31c6e1d14312212d313171befd43e7f40e563f156f1a81caa439b0d451deb5d03e3e9f2d8fda48d7dd8d8e8e7ef79e7bee69505a101c3972a43305871714bc4bc39d73ce39e6abafbed225e00a2f21a69a188dc0fceb5fff5ae2a5e3bc3e80f6ee4df6a43c8b3d70f4e6cf9fef57e0ae4ca5053d1c9926dfbef8e28beb7c8662ef23d4bde4ddd165b034375565d2faecb7cec2a1933e9fef1f6c72d456d3a64d5b70e8d0a1abc78f1f9f1b7cc9adc26f300b173a233a83fb8469ea0f0540510d8efa6a79c141fdaad43f4b4d6bc5a90fa03b08640001b09606000220c7009b00a1cc3df9a4e9be3abbab1943cd589541cd65cf3fff7cbe3dc979df06176ed9b22585ad8e5afe3b31efc08103d7d8df855c7593f0a85bc34b2fbd547885108f6a0183dd71c71d45fa6aa97978d2a44985cdc4a21a400d02b177e32bd2040ca07ad12710f581ae8aaeb9055aaa63bbae9fa96b631ecb94310a80f624eadfb46993d70696e3f3f9fee0766e076a7d10ecdfbfff55f677e19d21438644ab695857bd513faa2351f37059cb79a3801500f573d8da40ed454d20425e4a4a4a86dfefbfdb04266d76a63250bfa7a36d1ad6fb1e7df4d1fc952b5716f607b101f04e7bc2fb9aad8dba424dc3070e1cb84a35829f7ffe797e65ac530170ecd8b10ddc266002204008046a5e6a6aaa9a69ffe00541d5083ef8e08366ead4a9c5277a2e9596d32090071e7820b8065023ec1eb427bc296c65d4e12078e05883a0d7049c9f9f7f234dc040dd10ce26407d919e9ebebc6bd7aedfd9bbba4241b4a647d0f538351d86371a52231cd5595ab3e7abc957d315e802ec9ae260c2840905ab56adf2d9f77935809a49f70e7bc27b91ad8bbaca1ed36becefc5b2c58b17f73de9a493c26263632b5c39a01ac03163c6384dc0f68bd27b6cd5ca77e38d378ed4201dd40e9aee66f2e4c975fed285f40944bda21ac1848484453604bee64d1da301231a2959d268c962824f8e0bd507902660840235dd262626f61d3d7af48ca14387469e7df6d9e5be8a4df020109a8081ba85e660d43bea23684f5617dbbbfd6c905b60dc26e272d245376fceccccbc900088500b82870e1dea3376ecd8439f7ffef9c1f206c0a069600880401d434d20ea7318742e513560c080f6f624769ddfefff1ffbb8a72db1b6449bc0b57db34ce01ac4ba14dc0c0548b61c4295fa08f6efdfbfcf73cf3d3773e8d0a1877af6ecd9b8b4657529385d09c4de1d401f40801008d44953a74edd686fc6b905a8f741303131b1dfd8b163df1a366cd8eeb3ce3aebb0eb73b9a380d5af9689a0813a8ce6600040116adacdcbcbbb7acc9831be254b96ec0e7e2d781430011020040200428c6a046d10bc76dcb871bec58b17eff402a0d7079026608010080008fd2018fef7bfff7d23011020040200ea5110b437f11f7df4517bc3b58001422000a0fe501fc1e8e8e8e398060620040200ea99a4a4a46cb60240080400000021100000008440000000100201000040080400000021100000008440000000100201000040080400a07e9eacc3c2fc0505056c885ac0ee8775f6268f10080000aa5c7474f48f7bf6ec6143d4023b77ee4cb737cb09810000a0ca4546462edcb56b171ba216c8ccccdc6d6fd208810000a0cae5e6e63eb365cb96437ebf9f8d51b33276ecd8d1dddebe450804000055ee820b2e586c03e0979b376f6663d4a0f4f4f4f9763f6cbef8e28b171102010040b5c8cdcd1d989191b16ff7eedd6c8c1a909d9d3d7bc78e1d571514140c0d95ff5338bb150080da6fca94295937dc70c3e2eddbb75fddac59b3e8a8a828364a3506c0952b579eeef3f9fe78c925972c24040200806a3569d2a43503070e5cba75ebd63e3690ec8d898969686fd9305527233d3d7d7a4646c6450a80bd7bf79e134aff398e1c0000ea98f7df7fbf735858d8f311111167b66ad56a63cb962ddb366bd62cd63ec7c639469a0750d3c06814b00681a80fa09a802fbdf4d2f450fbbf12020100a8a33ef8e0831e3e9fafafbd1b674b4f5ba2d92ac74c13416b1ec0345bde0a9541200000000000000000000000000000000000000000000000000000000000000000000000000000000000000000000000000000000000000000000000000000000000000000000000000000000000000000000000000000000000000000000000000000000000000000000000000000000000000000000000000000000000000000000000000000000000000000000000000000000000000000000000000000000000000000000000000000000000000000000000000000e018fc3f9aca81fad280164c0000000049454e44ae426082, null);
COMMIT;

-- ----------------------------
--  Table structure for `act_ge_property`
-- ----------------------------
DROP TABLE IF EXISTS `act_ge_property`;
CREATE TABLE `act_ge_property` (
  `NAME_` varchar(64) COLLATE utf8_bin NOT NULL,
  `VALUE_` varchar(300) COLLATE utf8_bin DEFAULT NULL,
  `REV_` int(11) DEFAULT NULL,
  PRIMARY KEY (`NAME_`)
) ENGINE=InnoDB DEFAULT CHARSET=utf8 COLLATE=utf8_bin;

-- ----------------------------
--  Records of `act_ge_property`
-- ----------------------------
BEGIN;
INSERT INTO `act_ge_property` VALUES ('next.dbid', '1', '1'), ('schema.history', 'create(5.22.0.0)', '1'), ('schema.version', '5.22.0.0', '1');
COMMIT;

-- ----------------------------
--  Table structure for `act_hi_actinst`
-- ----------------------------
DROP TABLE IF EXISTS `act_hi_actinst`;
CREATE TABLE `act_hi_actinst` (
  `ID_` varchar(64) COLLATE utf8_bin NOT NULL,
  `PROC_DEF_ID_` varchar(64) COLLATE utf8_bin NOT NULL,
  `PROC_INST_ID_` varchar(64) COLLATE utf8_bin NOT NULL,
  `EXECUTION_ID_` varchar(64) COLLATE utf8_bin NOT NULL,
  `ACT_ID_` varchar(255) COLLATE utf8_bin NOT NULL,
  `TASK_ID_` varchar(64) COLLATE utf8_bin DEFAULT NULL,
  `CALL_PROC_INST_ID_` varchar(64) COLLATE utf8_bin DEFAULT NULL,
  `ACT_NAME_` varchar(255) COLLATE utf8_bin DEFAULT NULL,
  `ACT_TYPE_` varchar(255) COLLATE utf8_bin NOT NULL,
  `ASSIGNEE_` varchar(255) COLLATE utf8_bin DEFAULT NULL,
  `START_TIME_` datetime(3) NOT NULL,
  `END_TIME_` datetime(3) DEFAULT NULL,
  `DURATION_` bigint(20) DEFAULT NULL,
  `TENANT_ID_` varchar(255) COLLATE utf8_bin DEFAULT '',
  PRIMARY KEY (`ID_`),
  KEY `ACT_IDX_HI_ACT_INST_START` (`START_TIME_`),
  KEY `ACT_IDX_HI_ACT_INST_END` (`END_TIME_`),
  KEY `ACT_IDX_HI_ACT_INST_PROCINST` (`PROC_INST_ID_`,`ACT_ID_`),
  KEY `ACT_IDX_HI_ACT_INST_EXEC` (`EXECUTION_ID_`,`ACT_ID_`)
) ENGINE=InnoDB DEFAULT CHARSET=utf8 COLLATE=utf8_bin;

-- ----------------------------
--  Table structure for `act_hi_attachment`
-- ----------------------------
DROP TABLE IF EXISTS `act_hi_attachment`;
CREATE TABLE `act_hi_attachment` (
  `ID_` varchar(64) COLLATE utf8_bin NOT NULL,
  `REV_` int(11) DEFAULT NULL,
  `USER_ID_` varchar(255) COLLATE utf8_bin DEFAULT NULL,
  `NAME_` varchar(255) COLLATE utf8_bin DEFAULT NULL,
  `DESCRIPTION_` varchar(4000) COLLATE utf8_bin DEFAULT NULL,
  `TYPE_` varchar(255) COLLATE utf8_bin DEFAULT NULL,
  `TASK_ID_` varchar(64) COLLATE utf8_bin DEFAULT NULL,
  `PROC_INST_ID_` varchar(64) COLLATE utf8_bin DEFAULT NULL,
  `URL_` varchar(4000) COLLATE utf8_bin DEFAULT NULL,
  `CONTENT_ID_` varchar(64) COLLATE utf8_bin DEFAULT NULL,
  `TIME_` datetime(3) DEFAULT NULL,
  PRIMARY KEY (`ID_`)
) ENGINE=InnoDB DEFAULT CHARSET=utf8 COLLATE=utf8_bin;

-- ----------------------------
--  Table structure for `act_hi_comment`
-- ----------------------------
DROP TABLE IF EXISTS `act_hi_comment`;
CREATE TABLE `act_hi_comment` (
  `ID_` varchar(64) COLLATE utf8_bin NOT NULL,
  `TYPE_` varchar(255) COLLATE utf8_bin DEFAULT NULL,
  `TIME_` datetime(3) NOT NULL,
  `USER_ID_` varchar(255) COLLATE utf8_bin DEFAULT NULL,
  `TASK_ID_` varchar(64) COLLATE utf8_bin DEFAULT NULL,
  `PROC_INST_ID_` varchar(64) COLLATE utf8_bin DEFAULT NULL,
  `ACTION_` varchar(255) COLLATE utf8_bin DEFAULT NULL,
  `MESSAGE_` varchar(4000) COLLATE utf8_bin DEFAULT NULL,
  `FULL_MSG_` longblob,
  PRIMARY KEY (`ID_`)
) ENGINE=InnoDB DEFAULT CHARSET=utf8 COLLATE=utf8_bin;

-- ----------------------------
--  Table structure for `act_hi_detail`
-- ----------------------------
DROP TABLE IF EXISTS `act_hi_detail`;
CREATE TABLE `act_hi_detail` (
  `ID_` varchar(64) COLLATE utf8_bin NOT NULL,
  `TYPE_` varchar(255) COLLATE utf8_bin NOT NULL,
  `PROC_INST_ID_` varchar(64) COLLATE utf8_bin DEFAULT NULL,
  `EXECUTION_ID_` varchar(64) COLLATE utf8_bin DEFAULT NULL,
  `TASK_ID_` varchar(64) COLLATE utf8_bin DEFAULT NULL,
  `ACT_INST_ID_` varchar(64) COLLATE utf8_bin DEFAULT NULL,
  `NAME_` varchar(255) COLLATE utf8_bin NOT NULL,
  `VAR_TYPE_` varchar(255) COLLATE utf8_bin DEFAULT NULL,
  `REV_` int(11) DEFAULT NULL,
  `TIME_` datetime(3) NOT NULL,
  `BYTEARRAY_ID_` varchar(64) COLLATE utf8_bin DEFAULT NULL,
  `DOUBLE_` double DEFAULT NULL,
  `LONG_` bigint(20) DEFAULT NULL,
  `TEXT_` varchar(4000) COLLATE utf8_bin DEFAULT NULL,
  `TEXT2_` varchar(4000) COLLATE utf8_bin DEFAULT NULL,
  PRIMARY KEY (`ID_`),
  KEY `ACT_IDX_HI_DETAIL_PROC_INST` (`PROC_INST_ID_`),
  KEY `ACT_IDX_HI_DETAIL_ACT_INST` (`ACT_INST_ID_`),
  KEY `ACT_IDX_HI_DETAIL_TIME` (`TIME_`),
  KEY `ACT_IDX_HI_DETAIL_NAME` (`NAME_`),
  KEY `ACT_IDX_HI_DETAIL_TASK_ID` (`TASK_ID_`)
) ENGINE=InnoDB DEFAULT CHARSET=utf8 COLLATE=utf8_bin;

-- ----------------------------
--  Table structure for `act_hi_identitylink`
-- ----------------------------
DROP TABLE IF EXISTS `act_hi_identitylink`;
CREATE TABLE `act_hi_identitylink` (
  `ID_` varchar(64) COLLATE utf8_bin NOT NULL,
  `GROUP_ID_` varchar(255) COLLATE utf8_bin DEFAULT NULL,
  `TYPE_` varchar(255) COLLATE utf8_bin DEFAULT NULL,
  `USER_ID_` varchar(255) COLLATE utf8_bin DEFAULT NULL,
  `TASK_ID_` varchar(64) COLLATE utf8_bin DEFAULT NULL,
  `PROC_INST_ID_` varchar(64) COLLATE utf8_bin DEFAULT NULL,
  PRIMARY KEY (`ID_`),
  KEY `ACT_IDX_HI_IDENT_LNK_USER` (`USER_ID_`),
  KEY `ACT_IDX_HI_IDENT_LNK_TASK` (`TASK_ID_`),
  KEY `ACT_IDX_HI_IDENT_LNK_PROCINST` (`PROC_INST_ID_`)
) ENGINE=InnoDB DEFAULT CHARSET=utf8 COLLATE=utf8_bin;

-- ----------------------------
--  Table structure for `act_hi_procinst`
-- ----------------------------
DROP TABLE IF EXISTS `act_hi_procinst`;
CREATE TABLE `act_hi_procinst` (
  `ID_` varchar(64) COLLATE utf8_bin NOT NULL,
  `PROC_INST_ID_` varchar(64) COLLATE utf8_bin NOT NULL,
  `BUSINESS_KEY_` varchar(255) COLLATE utf8_bin DEFAULT NULL,
  `PROC_DEF_ID_` varchar(64) COLLATE utf8_bin NOT NULL,
  `START_TIME_` datetime(3) NOT NULL,
  `END_TIME_` datetime(3) DEFAULT NULL,
  `DURATION_` bigint(20) DEFAULT NULL,
  `START_USER_ID_` varchar(255) COLLATE utf8_bin DEFAULT NULL,
  `START_ACT_ID_` varchar(255) COLLATE utf8_bin DEFAULT NULL,
  `END_ACT_ID_` varchar(255) COLLATE utf8_bin DEFAULT NULL,
  `SUPER_PROCESS_INSTANCE_ID_` varchar(64) COLLATE utf8_bin DEFAULT NULL,
  `DELETE_REASON_` varchar(4000) COLLATE utf8_bin DEFAULT NULL,
  `TENANT_ID_` varchar(255) COLLATE utf8_bin DEFAULT '',
  `NAME_` varchar(255) COLLATE utf8_bin DEFAULT NULL,
  PRIMARY KEY (`ID_`),
  UNIQUE KEY `PROC_INST_ID_` (`PROC_INST_ID_`),
  KEY `ACT_IDX_HI_PRO_INST_END` (`END_TIME_`),
  KEY `ACT_IDX_HI_PRO_I_BUSKEY` (`BUSINESS_KEY_`)
) ENGINE=InnoDB DEFAULT CHARSET=utf8 COLLATE=utf8_bin;

-- ----------------------------
--  Table structure for `act_hi_taskinst`
-- ----------------------------
DROP TABLE IF EXISTS `act_hi_taskinst`;
CREATE TABLE `act_hi_taskinst` (
  `ID_` varchar(64) COLLATE utf8_bin NOT NULL,
  `PROC_DEF_ID_` varchar(64) COLLATE utf8_bin DEFAULT NULL,
  `TASK_DEF_KEY_` varchar(255) COLLATE utf8_bin DEFAULT NULL,
  `PROC_INST_ID_` varchar(64) COLLATE utf8_bin DEFAULT NULL,
  `EXECUTION_ID_` varchar(64) COLLATE utf8_bin DEFAULT NULL,
  `NAME_` varchar(255) COLLATE utf8_bin DEFAULT NULL,
  `PARENT_TASK_ID_` varchar(64) COLLATE utf8_bin DEFAULT NULL,
  `DESCRIPTION_` varchar(4000) COLLATE utf8_bin DEFAULT NULL,
  `OWNER_` varchar(255) COLLATE utf8_bin DEFAULT NULL,
  `ASSIGNEE_` varchar(255) COLLATE utf8_bin DEFAULT NULL,
  `START_TIME_` datetime(3) NOT NULL,
  `CLAIM_TIME_` datetime(3) DEFAULT NULL,
  `END_TIME_` datetime(3) DEFAULT NULL,
  `DURATION_` bigint(20) DEFAULT NULL,
  `DELETE_REASON_` varchar(4000) COLLATE utf8_bin DEFAULT NULL,
  `PRIORITY_` int(11) DEFAULT NULL,
  `DUE_DATE_` datetime(3) DEFAULT NULL,
  `FORM_KEY_` varchar(255) COLLATE utf8_bin DEFAULT NULL,
  `CATEGORY_` varchar(255) COLLATE utf8_bin DEFAULT NULL,
  `TENANT_ID_` varchar(255) COLLATE utf8_bin DEFAULT '',
  PRIMARY KEY (`ID_`),
  KEY `ACT_IDX_HI_TASK_INST_PROCINST` (`PROC_INST_ID_`)
) ENGINE=InnoDB DEFAULT CHARSET=utf8 COLLATE=utf8_bin;

-- ----------------------------
--  Table structure for `act_hi_varinst`
-- ----------------------------
DROP TABLE IF EXISTS `act_hi_varinst`;
CREATE TABLE `act_hi_varinst` (
  `ID_` varchar(64) COLLATE utf8_bin NOT NULL,
  `PROC_INST_ID_` varchar(64) COLLATE utf8_bin DEFAULT NULL,
  `EXECUTION_ID_` varchar(64) COLLATE utf8_bin DEFAULT NULL,
  `TASK_ID_` varchar(64) COLLATE utf8_bin DEFAULT NULL,
  `NAME_` varchar(255) COLLATE utf8_bin NOT NULL,
  `VAR_TYPE_` varchar(100) COLLATE utf8_bin DEFAULT NULL,
  `REV_` int(11) DEFAULT NULL,
  `BYTEARRAY_ID_` varchar(64) COLLATE utf8_bin DEFAULT NULL,
  `DOUBLE_` double DEFAULT NULL,
  `LONG_` bigint(20) DEFAULT NULL,
  `TEXT_` varchar(4000) COLLATE utf8_bin DEFAULT NULL,
  `TEXT2_` varchar(4000) COLLATE utf8_bin DEFAULT NULL,
  `CREATE_TIME_` datetime(3) DEFAULT NULL,
  `LAST_UPDATED_TIME_` datetime(3) DEFAULT NULL,
  PRIMARY KEY (`ID_`),
  KEY `ACT_IDX_HI_PROCVAR_PROC_INST` (`PROC_INST_ID_`),
  KEY `ACT_IDX_HI_PROCVAR_NAME_TYPE` (`NAME_`,`VAR_TYPE_`),
  KEY `ACT_IDX_HI_PROCVAR_TASK_ID` (`TASK_ID_`)
) ENGINE=InnoDB DEFAULT CHARSET=utf8 COLLATE=utf8_bin;

-- ----------------------------
--  Table structure for `act_id_group`
-- ----------------------------
DROP TABLE IF EXISTS `act_id_group`;
CREATE TABLE `act_id_group` (
  `ID_` varchar(64) COLLATE utf8_bin NOT NULL,
  `REV_` int(11) DEFAULT NULL,
  `NAME_` varchar(255) COLLATE utf8_bin DEFAULT NULL,
  `TYPE_` varchar(255) COLLATE utf8_bin DEFAULT NULL,
  PRIMARY KEY (`ID_`)
) ENGINE=InnoDB DEFAULT CHARSET=utf8 COLLATE=utf8_bin;

-- ----------------------------
--  Table structure for `act_id_info`
-- ----------------------------
DROP TABLE IF EXISTS `act_id_info`;
CREATE TABLE `act_id_info` (
  `ID_` varchar(64) COLLATE utf8_bin NOT NULL,
  `REV_` int(11) DEFAULT NULL,
  `USER_ID_` varchar(64) COLLATE utf8_bin DEFAULT NULL,
  `TYPE_` varchar(64) COLLATE utf8_bin DEFAULT NULL,
  `KEY_` varchar(255) COLLATE utf8_bin DEFAULT NULL,
  `VALUE_` varchar(255) COLLATE utf8_bin DEFAULT NULL,
  `PASSWORD_` longblob,
  `PARENT_ID_` varchar(255) COLLATE utf8_bin DEFAULT NULL,
  PRIMARY KEY (`ID_`)
) ENGINE=InnoDB DEFAULT CHARSET=utf8 COLLATE=utf8_bin;

-- ----------------------------
--  Table structure for `act_id_membership`
-- ----------------------------
DROP TABLE IF EXISTS `act_id_membership`;
CREATE TABLE `act_id_membership` (
  `USER_ID_` varchar(64) COLLATE utf8_bin NOT NULL,
  `GROUP_ID_` varchar(64) COLLATE utf8_bin NOT NULL,
  PRIMARY KEY (`USER_ID_`,`GROUP_ID_`),
  KEY `ACT_FK_MEMB_GROUP` (`GROUP_ID_`),
  CONSTRAINT `ACT_FK_MEMB_GROUP` FOREIGN KEY (`GROUP_ID_`) REFERENCES `act_id_group` (`ID_`),
  CONSTRAINT `ACT_FK_MEMB_USER` FOREIGN KEY (`USER_ID_`) REFERENCES `act_id_user` (`ID_`)
) ENGINE=InnoDB DEFAULT CHARSET=utf8 COLLATE=utf8_bin;

-- ----------------------------
--  Table structure for `act_id_user`
-- ----------------------------
DROP TABLE IF EXISTS `act_id_user`;
CREATE TABLE `act_id_user` (
  `ID_` varchar(64) COLLATE utf8_bin NOT NULL,
  `REV_` int(11) DEFAULT NULL,
  `FIRST_` varchar(255) COLLATE utf8_bin DEFAULT NULL,
  `LAST_` varchar(255) COLLATE utf8_bin DEFAULT NULL,
  `EMAIL_` varchar(255) COLLATE utf8_bin DEFAULT NULL,
  `PWD_` varchar(255) COLLATE utf8_bin DEFAULT NULL,
  `PICTURE_ID_` varchar(64) COLLATE utf8_bin DEFAULT NULL,
  PRIMARY KEY (`ID_`)
) ENGINE=InnoDB DEFAULT CHARSET=utf8 COLLATE=utf8_bin;

-- ----------------------------
--  Table structure for `act_procdef_info`
-- ----------------------------
DROP TABLE IF EXISTS `act_procdef_info`;
CREATE TABLE `act_procdef_info` (
  `ID_` varchar(64) COLLATE utf8_bin NOT NULL,
  `PROC_DEF_ID_` varchar(64) COLLATE utf8_bin NOT NULL,
  `REV_` int(11) DEFAULT NULL,
  `INFO_JSON_ID_` varchar(64) COLLATE utf8_bin DEFAULT NULL,
  PRIMARY KEY (`ID_`),
  UNIQUE KEY `ACT_UNIQ_INFO_PROCDEF` (`PROC_DEF_ID_`),
  KEY `ACT_IDX_INFO_PROCDEF` (`PROC_DEF_ID_`),
  KEY `ACT_FK_INFO_JSON_BA` (`INFO_JSON_ID_`),
  CONSTRAINT `ACT_FK_INFO_JSON_BA` FOREIGN KEY (`INFO_JSON_ID_`) REFERENCES `act_ge_bytearray` (`ID_`),
  CONSTRAINT `ACT_FK_INFO_PROCDEF` FOREIGN KEY (`PROC_DEF_ID_`) REFERENCES `act_re_procdef` (`ID_`)
) ENGINE=InnoDB DEFAULT CHARSET=utf8 COLLATE=utf8_bin;

-- ----------------------------
--  Table structure for `act_re_deployment`
-- ----------------------------
DROP TABLE IF EXISTS `act_re_deployment`;
CREATE TABLE `act_re_deployment` (
  `ID_` varchar(64) COLLATE utf8_bin NOT NULL,
  `NAME_` varchar(255) COLLATE utf8_bin DEFAULT NULL,
  `CATEGORY_` varchar(255) COLLATE utf8_bin DEFAULT NULL,
  `TENANT_ID_` varchar(255) COLLATE utf8_bin DEFAULT '',
  `DEPLOY_TIME_` timestamp(3) NULL DEFAULT NULL,
  PRIMARY KEY (`ID_`)
) ENGINE=InnoDB DEFAULT CHARSET=utf8 COLLATE=utf8_bin;

-- ----------------------------
--  Table structure for `act_re_model`
-- ----------------------------
DROP TABLE IF EXISTS `act_re_model`;
CREATE TABLE `act_re_model` (
  `ID_` varchar(64) COLLATE utf8_bin NOT NULL,
  `REV_` int(11) DEFAULT NULL,
  `NAME_` varchar(255) COLLATE utf8_bin DEFAULT NULL,
  `KEY_` varchar(255) COLLATE utf8_bin DEFAULT NULL,
  `CATEGORY_` varchar(255) COLLATE utf8_bin DEFAULT NULL,
  `CREATE_TIME_` timestamp(3) NULL DEFAULT NULL,
  `LAST_UPDATE_TIME_` timestamp(3) NULL DEFAULT NULL,
  `VERSION_` int(11) DEFAULT NULL,
  `META_INFO_` varchar(4000) COLLATE utf8_bin DEFAULT NULL,
  `DEPLOYMENT_ID_` varchar(64) COLLATE utf8_bin DEFAULT NULL,
  `EDITOR_SOURCE_VALUE_ID_` varchar(64) COLLATE utf8_bin DEFAULT NULL,
  `EDITOR_SOURCE_EXTRA_VALUE_ID_` varchar(64) COLLATE utf8_bin DEFAULT NULL,
  `TENANT_ID_` varchar(255) COLLATE utf8_bin DEFAULT '',
  PRIMARY KEY (`ID_`),
  KEY `ACT_FK_MODEL_SOURCE` (`EDITOR_SOURCE_VALUE_ID_`),
  KEY `ACT_FK_MODEL_SOURCE_EXTRA` (`EDITOR_SOURCE_EXTRA_VALUE_ID_`),
  KEY `ACT_FK_MODEL_DEPLOYMENT` (`DEPLOYMENT_ID_`),
  CONSTRAINT `ACT_FK_MODEL_DEPLOYMENT` FOREIGN KEY (`DEPLOYMENT_ID_`) REFERENCES `act_re_deployment` (`ID_`),
  CONSTRAINT `ACT_FK_MODEL_SOURCE` FOREIGN KEY (`EDITOR_SOURCE_VALUE_ID_`) REFERENCES `act_ge_bytearray` (`ID_`),
  CONSTRAINT `ACT_FK_MODEL_SOURCE_EXTRA` FOREIGN KEY (`EDITOR_SOURCE_EXTRA_VALUE_ID_`) REFERENCES `act_ge_bytearray` (`ID_`)
) ENGINE=InnoDB DEFAULT CHARSET=utf8 COLLATE=utf8_bin;

-- ----------------------------
--  Records of `act_re_model`
-- ----------------------------
BEGIN;
INSERT INTO `act_re_model` VALUES ('a2b1b8cef4de4592ab9f304b02c201a8', '6', ' 员工请假流程', 'leave', null, '2017-06-15 05:27:52.824', '2017-06-15 06:07:09.645', '1', '{\"name\":\" 员工请假流程\",\"revision\":1,\"description\":\"请假流程\"}', null, '086b28ce8c0e42a99e2ac44e68e55642', '45fb82d5a4794c1993083f2d61cb9b5b', '');
COMMIT;

-- ----------------------------
--  Table structure for `act_re_procdef`
-- ----------------------------
DROP TABLE IF EXISTS `act_re_procdef`;
CREATE TABLE `act_re_procdef` (
  `ID_` varchar(64) COLLATE utf8_bin NOT NULL,
  `REV_` int(11) DEFAULT NULL,
  `CATEGORY_` varchar(255) COLLATE utf8_bin DEFAULT NULL,
  `NAME_` varchar(255) COLLATE utf8_bin DEFAULT NULL,
  `KEY_` varchar(255) COLLATE utf8_bin NOT NULL,
  `VERSION_` int(11) NOT NULL,
  `DEPLOYMENT_ID_` varchar(64) COLLATE utf8_bin DEFAULT NULL,
  `RESOURCE_NAME_` varchar(4000) COLLATE utf8_bin DEFAULT NULL,
  `DGRM_RESOURCE_NAME_` varchar(4000) COLLATE utf8_bin DEFAULT NULL,
  `DESCRIPTION_` varchar(4000) COLLATE utf8_bin DEFAULT NULL,
  `HAS_START_FORM_KEY_` tinyint(4) DEFAULT NULL,
  `HAS_GRAPHICAL_NOTATION_` tinyint(4) DEFAULT NULL,
  `SUSPENSION_STATE_` int(11) DEFAULT NULL,
  `TENANT_ID_` varchar(255) COLLATE utf8_bin DEFAULT '',
  PRIMARY KEY (`ID_`),
  UNIQUE KEY `ACT_UNIQ_PROCDEF` (`KEY_`,`VERSION_`,`TENANT_ID_`)
) ENGINE=InnoDB DEFAULT CHARSET=utf8 COLLATE=utf8_bin;

-- ----------------------------
--  Table structure for `act_ru_event_subscr`
-- ----------------------------
DROP TABLE IF EXISTS `act_ru_event_subscr`;
CREATE TABLE `act_ru_event_subscr` (
  `ID_` varchar(64) COLLATE utf8_bin NOT NULL,
  `REV_` int(11) DEFAULT NULL,
  `EVENT_TYPE_` varchar(255) COLLATE utf8_bin NOT NULL,
  `EVENT_NAME_` varchar(255) COLLATE utf8_bin DEFAULT NULL,
  `EXECUTION_ID_` varchar(64) COLLATE utf8_bin DEFAULT NULL,
  `PROC_INST_ID_` varchar(64) COLLATE utf8_bin DEFAULT NULL,
  `ACTIVITY_ID_` varchar(64) COLLATE utf8_bin DEFAULT NULL,
  `CONFIGURATION_` varchar(255) COLLATE utf8_bin DEFAULT NULL,
  `CREATED_` timestamp(3) NOT NULL DEFAULT CURRENT_TIMESTAMP(3),
  `PROC_DEF_ID_` varchar(64) COLLATE utf8_bin DEFAULT NULL,
  `TENANT_ID_` varchar(255) COLLATE utf8_bin DEFAULT '',
  PRIMARY KEY (`ID_`),
  KEY `ACT_IDX_EVENT_SUBSCR_CONFIG_` (`CONFIGURATION_`),
  KEY `ACT_FK_EVENT_EXEC` (`EXECUTION_ID_`),
  CONSTRAINT `ACT_FK_EVENT_EXEC` FOREIGN KEY (`EXECUTION_ID_`) REFERENCES `act_ru_execution` (`ID_`)
) ENGINE=InnoDB DEFAULT CHARSET=utf8 COLLATE=utf8_bin;

-- ----------------------------
--  Table structure for `act_ru_execution`
-- ----------------------------
DROP TABLE IF EXISTS `act_ru_execution`;
CREATE TABLE `act_ru_execution` (
  `ID_` varchar(64) COLLATE utf8_bin NOT NULL,
  `REV_` int(11) DEFAULT NULL,
  `PROC_INST_ID_` varchar(64) COLLATE utf8_bin DEFAULT NULL,
  `BUSINESS_KEY_` varchar(255) COLLATE utf8_bin DEFAULT NULL,
  `PARENT_ID_` varchar(64) COLLATE utf8_bin DEFAULT NULL,
  `PROC_DEF_ID_` varchar(64) COLLATE utf8_bin DEFAULT NULL,
  `SUPER_EXEC_` varchar(64) COLLATE utf8_bin DEFAULT NULL,
  `ACT_ID_` varchar(255) COLLATE utf8_bin DEFAULT NULL,
  `IS_ACTIVE_` tinyint(4) DEFAULT NULL,
  `IS_CONCURRENT_` tinyint(4) DEFAULT NULL,
  `IS_SCOPE_` tinyint(4) DEFAULT NULL,
  `IS_EVENT_SCOPE_` tinyint(4) DEFAULT NULL,
  `SUSPENSION_STATE_` int(11) DEFAULT NULL,
  `CACHED_ENT_STATE_` int(11) DEFAULT NULL,
  `TENANT_ID_` varchar(255) COLLATE utf8_bin DEFAULT '',
  `NAME_` varchar(255) COLLATE utf8_bin DEFAULT NULL,
  `LOCK_TIME_` timestamp(3) NULL DEFAULT NULL,
  PRIMARY KEY (`ID_`),
  KEY `ACT_IDX_EXEC_BUSKEY` (`BUSINESS_KEY_`),
  KEY `ACT_FK_EXE_PROCINST` (`PROC_INST_ID_`),
  KEY `ACT_FK_EXE_PARENT` (`PARENT_ID_`),
  KEY `ACT_FK_EXE_SUPER` (`SUPER_EXEC_`),
  KEY `ACT_FK_EXE_PROCDEF` (`PROC_DEF_ID_`),
  CONSTRAINT `ACT_FK_EXE_PARENT` FOREIGN KEY (`PARENT_ID_`) REFERENCES `act_ru_execution` (`ID_`),
  CONSTRAINT `ACT_FK_EXE_PROCDEF` FOREIGN KEY (`PROC_DEF_ID_`) REFERENCES `act_re_procdef` (`ID_`),
  CONSTRAINT `ACT_FK_EXE_PROCINST` FOREIGN KEY (`PROC_INST_ID_`) REFERENCES `act_ru_execution` (`ID_`) ON DELETE CASCADE ON UPDATE CASCADE,
  CONSTRAINT `ACT_FK_EXE_SUPER` FOREIGN KEY (`SUPER_EXEC_`) REFERENCES `act_ru_execution` (`ID_`)
) ENGINE=InnoDB DEFAULT CHARSET=utf8 COLLATE=utf8_bin;

-- ----------------------------
--  Table structure for `act_ru_identitylink`
-- ----------------------------
DROP TABLE IF EXISTS `act_ru_identitylink`;
CREATE TABLE `act_ru_identitylink` (
  `ID_` varchar(64) COLLATE utf8_bin NOT NULL,
  `REV_` int(11) DEFAULT NULL,
  `GROUP_ID_` varchar(255) COLLATE utf8_bin DEFAULT NULL,
  `TYPE_` varchar(255) COLLATE utf8_bin DEFAULT NULL,
  `USER_ID_` varchar(255) COLLATE utf8_bin DEFAULT NULL,
  `TASK_ID_` varchar(64) COLLATE utf8_bin DEFAULT NULL,
  `PROC_INST_ID_` varchar(64) COLLATE utf8_bin DEFAULT NULL,
  `PROC_DEF_ID_` varchar(64) COLLATE utf8_bin DEFAULT NULL,
  PRIMARY KEY (`ID_`),
  KEY `ACT_IDX_IDENT_LNK_USER` (`USER_ID_`),
  KEY `ACT_IDX_IDENT_LNK_GROUP` (`GROUP_ID_`),
  KEY `ACT_IDX_ATHRZ_PROCEDEF` (`PROC_DEF_ID_`),
  KEY `ACT_FK_TSKASS_TASK` (`TASK_ID_`),
  KEY `ACT_FK_IDL_PROCINST` (`PROC_INST_ID_`),
  CONSTRAINT `ACT_FK_ATHRZ_PROCEDEF` FOREIGN KEY (`PROC_DEF_ID_`) REFERENCES `act_re_procdef` (`ID_`),
  CONSTRAINT `ACT_FK_IDL_PROCINST` FOREIGN KEY (`PROC_INST_ID_`) REFERENCES `act_ru_execution` (`ID_`),
  CONSTRAINT `ACT_FK_TSKASS_TASK` FOREIGN KEY (`TASK_ID_`) REFERENCES `act_ru_task` (`ID_`)
) ENGINE=InnoDB DEFAULT CHARSET=utf8 COLLATE=utf8_bin;

-- ----------------------------
--  Table structure for `act_ru_job`
-- ----------------------------
DROP TABLE IF EXISTS `act_ru_job`;
CREATE TABLE `act_ru_job` (
  `ID_` varchar(64) COLLATE utf8_bin NOT NULL,
  `REV_` int(11) DEFAULT NULL,
  `TYPE_` varchar(255) COLLATE utf8_bin NOT NULL,
  `LOCK_EXP_TIME_` timestamp(3) NULL DEFAULT NULL,
  `LOCK_OWNER_` varchar(255) COLLATE utf8_bin DEFAULT NULL,
  `EXCLUSIVE_` tinyint(1) DEFAULT NULL,
  `EXECUTION_ID_` varchar(64) COLLATE utf8_bin DEFAULT NULL,
  `PROCESS_INSTANCE_ID_` varchar(64) COLLATE utf8_bin DEFAULT NULL,
  `PROC_DEF_ID_` varchar(64) COLLATE utf8_bin DEFAULT NULL,
  `RETRIES_` int(11) DEFAULT NULL,
  `EXCEPTION_STACK_ID_` varchar(64) COLLATE utf8_bin DEFAULT NULL,
  `EXCEPTION_MSG_` varchar(4000) COLLATE utf8_bin DEFAULT NULL,
  `DUEDATE_` timestamp(3) NULL DEFAULT NULL,
  `REPEAT_` varchar(255) COLLATE utf8_bin DEFAULT NULL,
  `HANDLER_TYPE_` varchar(255) COLLATE utf8_bin DEFAULT NULL,
  `HANDLER_CFG_` varchar(4000) COLLATE utf8_bin DEFAULT NULL,
  `TENANT_ID_` varchar(255) COLLATE utf8_bin DEFAULT '',
  PRIMARY KEY (`ID_`),
  KEY `ACT_FK_JOB_EXCEPTION` (`EXCEPTION_STACK_ID_`),
  CONSTRAINT `ACT_FK_JOB_EXCEPTION` FOREIGN KEY (`EXCEPTION_STACK_ID_`) REFERENCES `act_ge_bytearray` (`ID_`)
) ENGINE=InnoDB DEFAULT CHARSET=utf8 COLLATE=utf8_bin;

-- ----------------------------
--  Table structure for `act_ru_task`
-- ----------------------------
DROP TABLE IF EXISTS `act_ru_task`;
CREATE TABLE `act_ru_task` (
  `ID_` varchar(64) COLLATE utf8_bin NOT NULL,
  `REV_` int(11) DEFAULT NULL,
  `EXECUTION_ID_` varchar(64) COLLATE utf8_bin DEFAULT NULL,
  `PROC_INST_ID_` varchar(64) COLLATE utf8_bin DEFAULT NULL,
  `PROC_DEF_ID_` varchar(64) COLLATE utf8_bin DEFAULT NULL,
  `NAME_` varchar(255) COLLATE utf8_bin DEFAULT NULL,
  `PARENT_TASK_ID_` varchar(64) COLLATE utf8_bin DEFAULT NULL,
  `DESCRIPTION_` varchar(4000) COLLATE utf8_bin DEFAULT NULL,
  `TASK_DEF_KEY_` varchar(255) COLLATE utf8_bin DEFAULT NULL,
  `OWNER_` varchar(255) COLLATE utf8_bin DEFAULT NULL,
  `ASSIGNEE_` varchar(255) COLLATE utf8_bin DEFAULT NULL,
  `DELEGATION_` varchar(64) COLLATE utf8_bin DEFAULT NULL,
  `PRIORITY_` int(11) DEFAULT NULL,
  `CREATE_TIME_` timestamp(3) NULL DEFAULT NULL,
  `DUE_DATE_` datetime(3) DEFAULT NULL,
  `CATEGORY_` varchar(255) COLLATE utf8_bin DEFAULT NULL,
  `SUSPENSION_STATE_` int(11) DEFAULT NULL,
  `TENANT_ID_` varchar(255) COLLATE utf8_bin DEFAULT '',
  `FORM_KEY_` varchar(255) COLLATE utf8_bin DEFAULT NULL,
  PRIMARY KEY (`ID_`),
  KEY `ACT_IDX_TASK_CREATE` (`CREATE_TIME_`),
  KEY `ACT_FK_TASK_EXE` (`EXECUTION_ID_`),
  KEY `ACT_FK_TASK_PROCINST` (`PROC_INST_ID_`),
  KEY `ACT_FK_TASK_PROCDEF` (`PROC_DEF_ID_`),
  CONSTRAINT `ACT_FK_TASK_EXE` FOREIGN KEY (`EXECUTION_ID_`) REFERENCES `act_ru_execution` (`ID_`),
  CONSTRAINT `ACT_FK_TASK_PROCDEF` FOREIGN KEY (`PROC_DEF_ID_`) REFERENCES `act_re_procdef` (`ID_`),
  CONSTRAINT `ACT_FK_TASK_PROCINST` FOREIGN KEY (`PROC_INST_ID_`) REFERENCES `act_ru_execution` (`ID_`)
) ENGINE=InnoDB DEFAULT CHARSET=utf8 COLLATE=utf8_bin;

-- ----------------------------
--  Table structure for `act_ru_variable`
-- ----------------------------
DROP TABLE IF EXISTS `act_ru_variable`;
CREATE TABLE `act_ru_variable` (
  `ID_` varchar(64) COLLATE utf8_bin NOT NULL,
  `REV_` int(11) DEFAULT NULL,
  `TYPE_` varchar(255) COLLATE utf8_bin NOT NULL,
  `NAME_` varchar(255) COLLATE utf8_bin NOT NULL,
  `EXECUTION_ID_` varchar(64) COLLATE utf8_bin DEFAULT NULL,
  `PROC_INST_ID_` varchar(64) COLLATE utf8_bin DEFAULT NULL,
  `TASK_ID_` varchar(64) COLLATE utf8_bin DEFAULT NULL,
  `BYTEARRAY_ID_` varchar(64) COLLATE utf8_bin DEFAULT NULL,
  `DOUBLE_` double DEFAULT NULL,
  `LONG_` bigint(20) DEFAULT NULL,
  `TEXT_` varchar(4000) COLLATE utf8_bin DEFAULT NULL,
  `TEXT2_` varchar(4000) COLLATE utf8_bin DEFAULT NULL,
  PRIMARY KEY (`ID_`),
  KEY `ACT_IDX_VARIABLE_TASK_ID` (`TASK_ID_`),
  KEY `ACT_FK_VAR_EXE` (`EXECUTION_ID_`),
  KEY `ACT_FK_VAR_PROCINST` (`PROC_INST_ID_`),
  KEY `ACT_FK_VAR_BYTEARRAY` (`BYTEARRAY_ID_`),
  CONSTRAINT `ACT_FK_VAR_BYTEARRAY` FOREIGN KEY (`BYTEARRAY_ID_`) REFERENCES `act_ge_bytearray` (`ID_`),
  CONSTRAINT `ACT_FK_VAR_EXE` FOREIGN KEY (`EXECUTION_ID_`) REFERENCES `act_ru_execution` (`ID_`),
  CONSTRAINT `ACT_FK_VAR_PROCINST` FOREIGN KEY (`PROC_INST_ID_`) REFERENCES `act_ru_execution` (`ID_`)
) ENGINE=InnoDB DEFAULT CHARSET=utf8 COLLATE=utf8_bin;

-- ----------------------------
--  Table structure for `f_account`
-- ----------------------------
DROP TABLE IF EXISTS `f_account`;
CREATE TABLE `f_account` (
  `business_id` varchar(64) NOT NULL COMMENT 'id',
  `url` varchar(300) DEFAULT NULL COMMENT 'url',
  `description` varchar(1000) DEFAULT NULL COMMENT 'description',
  `account` varchar(300) DEFAULT NULL COMMENT '帐号',
  `passwd` varchar(300) DEFAULT NULL COMMENT '密码',
  `title` varchar(300) DEFAULT NULL COMMENT 'title',
  `seq_date` datetime DEFAULT NULL COMMENT '日期排序',
  `type` varchar(1) DEFAULT NULL COMMENT '类型 1 服务器 2 网站 0 其他',
  `CREATE_BY` varchar(64) DEFAULT NULL COMMENT '创建人',
  `CREATE_DATE` datetime NOT NULL COMMENT '创建日期',
  `UPDATE_BY` varchar(64) DEFAULT NULL COMMENT '修改人',
  `UPDATE_DATE` datetime NOT NULL COMMENT '修改日期',
  `REMARKS` varchar(255) DEFAULT NULL COMMENT '备注',
  `DEL_FLAG` varchar(1) DEFAULT NULL COMMENT '删除标识 1 删除 0 未删除 2 审核',
  `FLAG` varchar(1) DEFAULT NULL COMMENT '启用标识 1 启用 0 停用 ',
  PRIMARY KEY (`business_id`)
) ENGINE=InnoDB DEFAULT CHARSET=utf8 ROW_FORMAT=DYNAMIC COMMENT='f_account';

-- ----------------------------
--  Records of `f_account`
-- ----------------------------
BEGIN;
INSERT INTO `f_account` VALUES ('3e0c452bc49145f5b438cb9f3fa6c3ed', null, '大软', 'root', 'Tjise@2016', '115.26.4.165', '2017-02-17 17:22:15', '2', '0d76004eccb54b03ab9a07de145f520e', '2017-02-17 17:22:15', '0d76004eccb54b03ab9a07de145f520e', '2017-02-17 17:22:15', null, '0', '1'), ('6ed509c3fd144f99a0fdd42d6dad1008', null, '华为云 服务器名称 91isoft_why', 'root', '91isoft_519', '114.115.222.53', '2017-02-17 17:21:36', '2', '0d76004eccb54b03ab9a07de145f520e', '2017-02-17 17:21:36', '0d76004eccb54b03ab9a07de145f520e', '2017-06-07 00:33:46', null, '0', '1'), ('732590b6335345e8b698f4e4920102d3', 'http://103.249.252.109:8888/zentao/', '禅道', null, null, '103.249.252.109', '2017-06-05 22:32:35', '2', '0d76004eccb54b03ab9a07de145f520e', '2017-06-05 22:32:35', '0d76004eccb54b03ab9a07de145f520e', '2017-06-05 22:32:35', null, '0', '1'), ('7950c855234d4f64b86d269f424e4f9b', 'http://code.taobao.org/', null, '82****qq.com', '52yx****.', '淘宝SVN', '2017-03-04 19:58:42', '1', '0d76004eccb54b03ab9a07de145f520e', '2017-03-04 19:58:42', '0d76004eccb54b03ab9a07de145f520e', '2017-03-04 19:58:42', null, '0', '1'), ('7baf0c8708c54c19884963cccdbc71f5', null, null, null, null, '2222', '2017-03-02 22:11:05', null, '0d76004eccb54b03ab9a07de145f520e', '2017-03-02 22:11:05', '0d76004eccb54b03ab9a07de145f520e', '2017-03-02 22:11:40', null, '1', '1'), ('7cd96152d61a4c3aa5ec527fb939bd0d', null, '华为技术电话\r\n4000955988转2，这个是咱们技术电话，他们是24小时都有人值班，要是云主机运行过程中有任何技术问题，都可以直接给咱们技术打电话', '159****3132', 'Cy52940326', '华为云', '2017-02-17 17:18:01', '1', '0d76004eccb54b03ab9a07de145f520e', '2017-02-17 17:18:01', '0d76004eccb54b03ab9a07de145f520e', '2017-03-04 19:59:07', null, '0', '1'), ('8a36fa086cb8459584a54cf75f5ca0f2', null, 'root 91isoft.dell ', '91isoft.dell', '91isoft.dell', '戴尔内网(192.168.0.200)', '2017-02-17 17:32:12', '2', '0d76004eccb54b03ab9a07de145f520e', '2017-02-17 17:32:12', '0d76004eccb54b03ab9a07de145f520e', '2017-02-17 17:32:12', null, '0', '1'), ('9175ff1fd174485a81d88c22d04fe937', null, 'house 修缮', 'fx_...', '...23190022', 'aliyun', '2017-05-16 21:46:54', '2', '0d76004eccb54b03ab9a07de145f520e', '2017-05-16 21:46:54', '0d76004eccb54b03ab9a07de145f520e', '2017-05-16 21:46:54', null, '0', '1'), ('9ed3591d530549e8b7c4c5bb324dcf4f', null, '宽带拨号', '113000111012', '080312', '1804宽带', '2017-03-29 21:29:37', '0', '0d76004eccb54b03ab9a07de145f520e', '2017-03-29 21:29:37', '0d76004eccb54b03ab9a07de145f520e', '2017-03-29 21:29:37', null, '0', '1'), ('a4ca5b0f02d344809c6cae916679efb2', 'http://www.jsdaima.com/', '要积分的---坑', '8269****@qq.com', '52yx****', 'js特效', '2017-03-30 16:14:46', '1', '0d76004eccb54b03ab9a07de145f520e', '2017-03-30 16:14:46', '0d76004eccb54b03ab9a07de145f520e', '2017-03-30 16:16:23', null, '0', '1');
COMMIT;

-- ----------------------------
--  Table structure for `f_account_serset`
-- ----------------------------
DROP TABLE IF EXISTS `f_account_serset`;
CREATE TABLE `f_account_serset` (
  `business_id` varchar(64) NOT NULL COMMENT 'id',
  `title` varchar(300) DEFAULT NULL COMMENT 'title',
  `port` varchar(100) DEFAULT NULL COMMENT 'port',
  `description` varchar(1000) DEFAULT NULL COMMENT 'description',
  `account` varchar(300) DEFAULT NULL COMMENT '帐号',
  `passwd` varchar(300) DEFAULT NULL COMMENT '密码',
  `seq_date` datetime DEFAULT NULL COMMENT '日期排序',
  `server_id` varchar(64) NOT NULL COMMENT 'server id',
  `CREATE_BY` varchar(64) DEFAULT NULL COMMENT '创建人',
  `CREATE_DATE` datetime DEFAULT NULL COMMENT '创建日期',
  `UPDATE_BY` varchar(64) DEFAULT NULL COMMENT '修改人',
  `UPDATE_DATE` datetime DEFAULT NULL COMMENT '修改日期',
  `REMARKS` varchar(255) DEFAULT NULL COMMENT '备注',
  `DEL_FLAG` varchar(1) DEFAULT NULL COMMENT '删除标识 1 删除 0 未删除 2 审核',
  `FLAG` varchar(1) DEFAULT NULL COMMENT '启用标识 1 启用 0 停用 ',
  PRIMARY KEY (`business_id`)
) ENGINE=InnoDB DEFAULT CHARSET=utf8 ROW_FORMAT=DYNAMIC COMMENT='f_account_serset';

-- ----------------------------
--  Records of `f_account_serset`
-- ----------------------------
BEGIN;
INSERT INTO `f_account_serset` VALUES ('3ada10ecd7a146e2b60ec44f0ed0648d', 'mysql', '3306', '/etc/my.cnf', 'root', 'cy', '2017-02-17 17:37:05', '3e0c452bc49145f5b438cb9f3fa6c3ed', '0d76004eccb54b03ab9a07de145f520e', '2017-02-17 17:37:05', '0d76004eccb54b03ab9a07de145f520e', '2017-02-17 17:37:05', null, '0', '1'), ('46ad981d88984b4b8569d0be549ad2b3', '59.110.242.143', null, 'mstsc', 'administrator', '...23190022.', '2017-05-16 21:48:21', '9175ff1fd174485a81d88c22d04fe937', '0d76004eccb54b03ab9a07de145f520e', '2017-05-16 21:48:21', '0d76004eccb54b03ab9a07de145f520e', '2017-05-16 21:48:21', null, '0', '1'), ('ba0b70e8988048cf9daf4d507c15f174', 'mysql', '3306', null, 'root', '91isoft_304', '2017-04-08 14:59:17', '6ed509c3fd144f99a0fdd42d6dad1008', '0d76004eccb54b03ab9a07de145f520e', '2017-04-08 14:59:17', '0d76004eccb54b03ab9a07de145f520e', '2017-04-08 14:59:17', null, '0', '1'), ('e233adfd03214d72b3ace92c9fed2237', 'mysql', '3306', null, 'root', 'cy_...', '2017-05-16 21:48:51', '9175ff1fd174485a81d88c22d04fe937', '0d76004eccb54b03ab9a07de145f520e', '2017-05-16 21:48:51', '0d76004eccb54b03ab9a07de145f520e', '2017-05-16 21:48:51', null, '0', '1'), ('ff75791e665b4fe8ac4806646551613e', 'oracle', null, '该用户用来启动监听及服务或配置，切勿开发项目！', 'sys', '91isoft_Oracle', '2017-02-17 17:35:36', '8a36fa086cb8459584a54cf75f5ca0f2', '0d76004eccb54b03ab9a07de145f520e', '2017-02-17 17:35:36', '0d76004eccb54b03ab9a07de145f520e', '2017-02-17 17:35:36', null, '0', '1');
COMMIT;

-- ----------------------------
--  Table structure for `f_blog`
-- ----------------------------
DROP TABLE IF EXISTS `f_blog`;
CREATE TABLE `f_blog` (
  `business_id` varchar(64) NOT NULL,
  `title` varchar(150) DEFAULT NULL COMMENT '博客标题',
  `bkeys` varchar(255) DEFAULT NULL COMMENT '关键词,间隔 ',
  `bdesc` varchar(1000) DEFAULT NULL COMMENT '博客描述 ',
  `blog_label_id` varchar(255) DEFAULT NULL COMMENT 'labelId',
  `blog_md` varchar(255) DEFAULT NULL COMMENT 'blog md地址',
  `blog_html` varchar(255) DEFAULT NULL COMMENT 'blog html地址',
  `star` float DEFAULT NULL COMMENT '几星0-5 评价',
  `SEQ_DATE` datetime DEFAULT NULL COMMENT '排序',
  `read_times` int(3) DEFAULT NULL COMMENT '阅读次数',
  `CREATE_BY` varchar(64) DEFAULT NULL COMMENT '创建人',
  `CREATE_DATE` datetime NOT NULL COMMENT '创建日期',
  `UPDATE_BY` varchar(64) DEFAULT NULL COMMENT '修改人',
  `UPDATE_DATE` datetime NOT NULL COMMENT '修改日期',
  `REMARKS` varchar(255) DEFAULT NULL COMMENT '备注',
  `DEL_FLAG` varchar(1) DEFAULT NULL COMMENT '删除标识 1 删除 0 未删除 2 审核',
  `FLAG` varchar(1) DEFAULT NULL COMMENT '启用标识 1 启用 0 停用 ',
  `is_top` varchar(1) DEFAULT NULL COMMENT '推荐 1  不推荐0',
  PRIMARY KEY (`business_id`)
) ENGINE=InnoDB DEFAULT CHARSET=utf8 ROW_FORMAT=DYNAMIC;

-- ----------------------------
--  Records of `f_blog`
-- ----------------------------
BEGIN;
INSERT INTO `f_blog` VALUES ('468f1235bd46498b83f7631eab63812a', 'linux服务器java环境搭建', 'linux java', '# linux服务器 java环境搭建\n## jdk安装\n1. tar -zxvf jdk-8u60-linux-x64.tar.gz\n2. vi /etc/profile\n~~~~\n    //export PATH 上面,添加如下内容：JAVA_HOME根据实际目录来\n    JAVA_HOME=/usr/java/jdk1.8.0_60\n    CLASSPATH=.:$JAVA_HOME/lib/\n    PATH=$JAVA_HOME/bin:$PATH\n    export PATH JAVA_HOME CLASSPATH\n~~~~\n3. source /etc/profile\n4. java -version  //成功输出,安装成功\n\n## mysql安装\n', '20f4fc8d3c694f0e895e1a66c332bfcb', '/blogs/0d76004eccb54b03ab9a07de145f520e/2017-02-26/468f1235bd46498b83f7631eab63812a.md', '/blogs/0d76004eccb54b03ab9a07de145f520e/2017-02-26/468f1235bd46498b83f7631eab63812a.html', '0', '2017-02-26 05:03:08', '0', '0d76004eccb54b03ab9a07de145f520e', '2017-02-21 18:42:23', '0d76004eccb54b03ab9a07de145f520e', '2017-06-28 06:05:19', null, '0', '1', '1'), ('7c1de22e1c1049d49f34ffe3c55b0ebd', 'Java NIO', 'jdk nio', 'java NIO (NEW IO) JDK1.4引入的API，可以代替传统 JAVA IO API .', '20f4fc8d3c694f0e895e1a66c332bfcb', '/blogs/0d76004eccb54b03ab9a07de145f520e/2017-06-20/7c1de22e1c1049d49f34ffe3c55b0ebd.md', '/blogs/0d76004eccb54b03ab9a07de145f520e/2017-06-20/7c1de22e1c1049d49f34ffe3c55b0ebd.html', '0', '2017-06-20 04:32:28', '0', '0d76004eccb54b03ab9a07de145f520e', '2017-06-20 04:09:43', '0d76004eccb54b03ab9a07de145f520e', '2017-06-20 04:32:28', null, '0', '1', null), ('94d3c611bb4d4d15a9c6ff694da30422', 'iptables', 'linux 防火墙', '# iptables\niptables-1.4.21-16.el7.x86_64\n在/etc/sysconfig 下没有 iptables 配置文件\n~~~~\n//配置方式\niptables -A INPUT -p tcp --dport 80 -j ACCEPT\n//保存并查看配置\niptables-save\n//保存配置文件 生成iptable文件\niptables-save > /etc/sysconfig/iptable\n//测试端口\ntelnet ip port \n~~~~\n\n# firewalld\n', '624cef40901045d98c2c2ef11b29e17f', '/blogs/0d76004eccb54b03ab9a07de145f520e/2017-02-26/94d3c611bb4d4d15a9c6ff694da30422.md', '/blogs/0d76004eccb54b03ab9a07de145f520e/2017-02-26/94d3c611bb4d4d15a9c6ff694da30422.html', '0', '2017-02-26 04:58:33', '0', '0d76004eccb54b03ab9a07de145f520e', '2017-02-26 04:25:51', '0d76004eccb54b03ab9a07de145f520e', '2017-02-26 04:58:33', null, '0', '1', null);
COMMIT;

-- ----------------------------
--  Table structure for `f_blog_label`
-- ----------------------------
DROP TABLE IF EXISTS `f_blog_label`;
CREATE TABLE `f_blog_label` (
  `business_id` varchar(64) NOT NULL,
  `title` varchar(100) DEFAULT NULL COMMENT '博客label标题',
  `SEQ_DATE` datetime DEFAULT NULL COMMENT '排序',
  `CREATE_BY` varchar(64) DEFAULT NULL COMMENT '创建人',
  `CREATE_DATE` datetime DEFAULT NULL COMMENT '创建日期',
  `UPDATE_BY` varchar(64) DEFAULT NULL COMMENT '修改人',
  `UPDATE_DATE` datetime DEFAULT NULL COMMENT '修改日期',
  `REMARKS` varchar(255) DEFAULT NULL COMMENT '备注',
  `DEL_FLAG` varchar(1) DEFAULT NULL COMMENT '删除标识 1 删除 0 未删除 2 审核',
  `FLAG` varchar(1) DEFAULT NULL COMMENT '启用标识 1 启用 0 停用 ',
  PRIMARY KEY (`business_id`)
) ENGINE=InnoDB DEFAULT CHARSET=utf8 ROW_FORMAT=DYNAMIC;

-- ----------------------------
--  Records of `f_blog_label`
-- ----------------------------
BEGIN;
INSERT INTO `f_blog_label` VALUES ('20f4fc8d3c694f0e895e1a66c332bfcb', 'java', '2017-02-21 18:11:28', '0d76004eccb54b03ab9a07de145f520e', '2017-02-21 18:11:28', '0d76004eccb54b03ab9a07de145f520e', '2017-02-21 18:11:28', null, '0', '1'), ('624cef40901045d98c2c2ef11b29e17f', 'linux', '2017-02-26 04:01:14', '0d76004eccb54b03ab9a07de145f520e', '2017-02-26 04:01:14', '0d76004eccb54b03ab9a07de145f520e', '2017-02-26 04:01:14', null, '0', '1');
COMMIT;

-- ----------------------------
--  Table structure for `f_movie`
-- ----------------------------
DROP TABLE IF EXISTS `f_movie`;
CREATE TABLE `f_movie` (
  `business_id` varchar(64) NOT NULL,
  `movie_date` datetime NOT NULL COMMENT '电影开始时间',
  `movie_interval` int(3) DEFAULT NULL COMMENT '时段长(分钟)',
  `star` float DEFAULT NULL COMMENT '几星0-5 评价',
  `NAME` varchar(100) DEFAULT NULL COMMENT '电影名称',
  `movie_theatre` varchar(255) DEFAULT NULL COMMENT '电影院',
  `location` varchar(255) DEFAULT NULL COMMENT '厅&位置',
  `price` float DEFAULT NULL COMMENT '价格/人',
  `fly_count` int(2) DEFAULT NULL COMMENT '人数',
  `CREATE_BY` varchar(64) DEFAULT NULL COMMENT '创建人',
  `CREATE_DATE` datetime NOT NULL COMMENT '创建日期',
  `UPDATE_BY` varchar(64) DEFAULT NULL COMMENT '修改人',
  `UPDATE_DATE` datetime NOT NULL COMMENT '修改日期',
  `REMARKS` varchar(255) DEFAULT NULL COMMENT '备注',
  `DEL_FLAG` varchar(1) DEFAULT NULL COMMENT '删除标识 1 删除 0 未删除 2 审核',
  `FLAG` varchar(1) DEFAULT NULL COMMENT '启用标识 1 启用 0 停用 ',
  `name_pinyin` varchar(3000) DEFAULT NULL COMMENT 'name 首字母拼音',
  PRIMARY KEY (`business_id`)
) ENGINE=InnoDB DEFAULT CHARSET=utf8;

-- ----------------------------
--  Records of `f_movie`
-- ----------------------------
BEGIN;
INSERT INTO `f_movie` VALUES ('036a3b87a44c450aa83515fe571d4299', '2016-05-02 14:10:00', '132', '3', '北京遇上西雅图之不二情书', '0001', '6号厅 11排9座11排8座', '33', '2', '0d76004eccb54b03ab9a07de145f520e', '2016-06-24 08:32:38', '1', '2016-06-24 08:32:38', null, '0', '1', null), ('1983fd506c9b471cb0707f332544bf1d', '2016-01-31 18:25:00', '80', '4', '唐人街探案', '0002', null, '35', '2', '0d76004eccb54b03ab9a07de145f520e', '2016-06-23 14:00:33', '1', '2016-06-23 14:00:33', null, '0', '1', null), ('1983fd506c9b471cb0747f232544bf1d', '2016-12-24 14:40:00', '128', '2', '摆渡人', '0001', '6号厅 9排11座 9排12座', '22', '2', '0d76004eccb54b03ab9a07de145f520e', '2016-12-29 22:16:15', '1', '2016-12-29 22:16:19', '国语2d', '0', '1', null), ('2309d64923d340c3bafc70f4d769451b', '2016-02-11 14:00:00', '93', '1', '美人鱼', '0001', '3号厅 9排13座 9排14座', '33', '2', '0d76004eccb54b03ab9a07de145f520e', '2016-06-24 08:27:14', '1', '2016-06-24 08:27:14', '牵手', '0', '1', null), ('306a6f1d9b324d54b63141315a956c37', '2017-04-16 13:20:00', '110', '4.5', '大话西游之大圣娶亲', '0001', '4号厅 10排7号 10排8号', '31', '2', '0d76004eccb54b03ab9a07de145f520e', '2017-06-07 04:33:04', '0d76004eccb54b03ab9a07de145f520e', '2017-06-07 04:41:54', '国语2D', '0', '1', 'dhxyzdsqq'), ('46b4453f08c24cf692666226294a935f', '2016-06-09 13:30:00', '144', '2', 'X战警:天启', '0001', '7号厅 7排3座 7排4座', '33', '2', '0d76004eccb54b03ab9a07de145f520e', '2016-06-24 08:34:37', '1', '2016-06-24 08:34:37', '英语3D', '0', '1', null), ('65ca8fa15a8f414dbf355f74281c7c46', '2017-06-03 16:30:00', '100', '5', '摔跤吧！爸爸', '0001', '7号厅 9排8号 9排9号', '23', '2', '0d76004eccb54b03ab9a07de145f520e', '2017-06-07 04:38:48', '0d76004eccb54b03ab9a07de145f520e', '2017-06-07 04:41:12', '中文2D', '0', '1', 'sjbbb'), ('6b1ab46812ac4661a6b0d8c262dcaf25', '2016-03-12 18:10:00', '109', '3.5', '疯狂动物城', '0001', '2号厅 10排12座 10排13座', '33', '2', '0d76004eccb54b03ab9a07de145f520e', '2016-06-24 08:30:49', '1', '2016-06-24 08:30:49', '英语3D', '0', '1', null), ('704a433459a9416ea1da863701330f4b', '2017-04-04 14:50:00', '112', '3', '嫌疑人X的献身', '0001', '3号厅 10排10号 10排11号', '33', '2', '0d76004eccb54b03ab9a07de145f520e', '2017-06-07 04:30:21', '0d76004eccb54b03ab9a07de145f520e', '2017-06-07 04:42:31', '国语2D', '0', '1', 'xyrXdxj,xyrXdxs'), ('856ff6c14a0d42a0956b7b9fb507388a', '2017-01-29 13:40:00', '108', '4', '西游伏妖篇', '0002', '7号厅 6排11座12座13座14座 7排11座12座13座', '33', '7', '0d76004eccb54b03ab9a07de145f520e', '2017-02-05 11:03:52', '0d76004eccb54b03ab9a07de145f520e', '2017-02-05 21:35:56', '国语3D', '0', '1', 'xyfyp'), ('bb41992dd5db46b1a0a2b6cbe24be55c', '2016-05-21 13:30:00', '97', '2', '愤怒的小鸟', '0003', '1号巨幕厅 11排15座 11排16座', '19.9', '2', '0d76004eccb54b03ab9a07de145f520e', '2016-06-23 15:35:48', '1', '2016-06-23 15:35:48', '英语3D', '0', '1', null), ('cda73c22b3c44b51b7491ac0f5e7090a', '2016-10-01 14:50:00', '117', '3', '从你的全世界路过', '0001', '10排5座 10排6座', '28', '2', '0d76004eccb54b03ab9a07de145f520e', '2016-12-17 10:02:58', '1', '2016-12-17 10:02:58', null, '0', '1', null), ('d375fa7a4fcd4d4387b7de71f208a280', '2016-07-10 15:05:00', '105', '4', '大鱼海棠', '0001', '巨幕 8排16座 8排17座', '30.9', '2', '0d76004eccb54b03ab9a07de145f520e', '2016-06-24 11:17:08', '1', '2016-06-24 11:17:08', '国语巨幕3D', '0', '1', null), ('d375fa7a4fcd4d4387b7de71fg208a280', '2016-07-17 12:30:00', '113', '2', '忍者神龟2: 破影而出', '0001', '巨幕 8排17座 8排18座', '28', '2', '0d76004eccb54b03ab9a07de145f520e', '2016-08-25 21:34:44', '1', '2016-08-25 21:34:59', '英语巨幕3D', '0', '1', null), ('d5513da0e8a8489391a5eca16a5cd0d0', '2016-12-04 10:50:00', '107', '5', '你的名字', '0001', '9排16座 9排17座', '17', '2', '0d76004eccb54b03ab9a07de145f520e', '2016-12-17 10:16:22', '1', '2016-12-17 10:16:22', '日语2d', '0', '1', null), ('ebe01116563e44ceb52e1f082407b91f', '2016-02-06 15:50:00', '95', '1', '功夫熊猫3', '0001', '巨幕 8排18座8排19座', '38', '2', '0d76004eccb54b03ab9a07de145f520e', '2016-06-24 08:28:43', '1', '2016-06-24 08:28:43', null, '0', '1', null), ('fdd754b07cb94b5fa4d7ecd0c5a9e168', '2016-04-18 15:00:00', '106', '2', '奇幻森林', '0001', '巨幕 10排14座 10排15座', '38', '2', '0d76004eccb54b03ab9a07de145f520e', '2016-06-23 15:28:45', '1', '2016-06-23 15:28:45', '英语巨幕3D', '0', '1', null);
COMMIT;

-- ----------------------------
--  Table structure for `f_movie_theatre`
-- ----------------------------
DROP TABLE IF EXISTS `f_movie_theatre`;
CREATE TABLE `f_movie_theatre` (
  `business_id` varchar(64) NOT NULL,
  `NAME` varchar(100) DEFAULT NULL COMMENT '电影院名称',
  `address` varchar(255) DEFAULT NULL COMMENT '地址',
  `CREATE_BY` varchar(64) DEFAULT NULL COMMENT '创建人',
  `CREATE_DATE` datetime NOT NULL COMMENT '创建日期',
  `UPDATE_BY` varchar(64) DEFAULT NULL COMMENT '修改人',
  `UPDATE_DATE` datetime NOT NULL COMMENT '修改日期',
  `REMARKS` varchar(255) DEFAULT NULL COMMENT '备注',
  `DEL_FLAG` varchar(1) DEFAULT NULL COMMENT '删除标识 1 删除 0 未删除 2 审核',
  `FLAG` varchar(1) DEFAULT NULL COMMENT '启用标识 1 启用 0 停用 ',
  `ORDER_TIME` datetime DEFAULT NULL,
  PRIMARY KEY (`business_id`)
) ENGINE=InnoDB DEFAULT CHARSET=utf8;

-- ----------------------------
--  Records of `f_movie_theatre`
-- ----------------------------
BEGIN;
INSERT INTO `f_movie_theatre` VALUES ('0001', '中传国际影城(天津西站店)', null, null, '2017-02-03 20:41:46', null, '2017-02-03 20:41:48', null, '0', '1', null), ('0002', '横店电影城(瑞景店)', null, null, '2017-02-03 20:42:32', null, '2017-02-03 20:42:36', null, '0', '1', null), ('0003', '中影国际影城(津湾店)', null, null, '2017-02-03 20:43:14', null, '2017-02-03 20:43:17', null, '0', '1', null), ('0004', '金逸影城(大悦城IMAX店)', null, null, '2017-02-03 20:43:36', null, '2017-02-03 20:43:39', null, '0', '1', null);
COMMIT;

-- ----------------------------
--  Table structure for `f_timesheet`
-- ----------------------------
DROP TABLE IF EXISTS `f_timesheet`;
CREATE TABLE `f_timesheet` (
  `business_id` varchar(64) NOT NULL COMMENT '业务id',
  `title` varchar(255) DEFAULT NULL COMMENT '标题',
  `content` varchar(500) DEFAULT NULL COMMENT '内容',
  `ASSESS_FLAG` varchar(1) DEFAULT NULL COMMENT '审核标识 0 待审核 1 已通过 2已打回',
  `start_date` datetime NOT NULL COMMENT '开始时间',
  `end_date` datetime DEFAULT NULL COMMENT '结束时间',
  `CREATE_BY` varchar(64) DEFAULT NULL COMMENT '创建人',
  `CREATE_DATE` datetime NOT NULL COMMENT '创建日期',
  `UPDATE_BY` varchar(64) DEFAULT NULL COMMENT '修改人',
  `UPDATE_DATE` datetime NOT NULL COMMENT '修改日期',
  `REMARKS` varchar(255) DEFAULT NULL COMMENT '备注',
  `DEL_FLAG` varchar(1) DEFAULT NULL COMMENT '删除标识 1 删除 0 未删除 2 审核',
  `FLAG` varchar(1) DEFAULT NULL COMMENT '启用标识 1 启用 0 停用 ',
  `all_day` tinyint(1) DEFAULT NULL COMMENT '是否为一天任务 0 否  1 是',
  `ASSESS_USER` varchar(64) DEFAULT NULL COMMENT '审批人',
  `ASSESS_DATE` datetime DEFAULT NULL COMMENT '审批时间',
  PRIMARY KEY (`business_id`)
) ENGINE=InnoDB DEFAULT CHARSET=utf8;

-- ----------------------------
--  Table structure for `l_story`
-- ----------------------------
DROP TABLE IF EXISTS `l_story`;
CREATE TABLE `l_story` (
  `business_id` varchar(64) NOT NULL,
  `title` varchar(255) DEFAULT NULL COMMENT '故事名称',
  `description` varchar(3000) DEFAULT NULL COMMENT '故事描述',
  `CREATE_BY` varchar(64) DEFAULT NULL COMMENT '创建人',
  `CREATE_DATE` datetime NOT NULL COMMENT '创建日期',
  `UPDATE_BY` varchar(64) DEFAULT NULL COMMENT '修改人',
  `UPDATE_DATE` datetime NOT NULL COMMENT '修改日期',
  `REMARKS` varchar(255) DEFAULT NULL COMMENT '备注',
  `DEL_FLAG` varchar(1) DEFAULT NULL COMMENT '删除标识 1 删除 0 未删除 2 审核',
  `FLAG` varchar(1) DEFAULT NULL COMMENT '启用标识 1 启用 0 停用 ',
  PRIMARY KEY (`business_id`)
) ENGINE=InnoDB DEFAULT CHARSET=utf8;

-- ----------------------------
--  Records of `l_story`
-- ----------------------------
BEGIN;
INSERT INTO `l_story` VALUES ('c2c1b41d767a45d1b6de86c3b560ee55', '陽春白雪', '陽春遇白雪', '0d76004eccb54b03ab9a07de145f520e', '2017-03-22 08:49:37', '0d76004eccb54b03ab9a07de145f520e', '2017-03-22 08:49:37', null, '0', '1');
COMMIT;

-- ----------------------------
--  Table structure for `l_story_fragment`
-- ----------------------------
DROP TABLE IF EXISTS `l_story_fragment`;
CREATE TABLE `l_story_fragment` (
  `business_id` varchar(64) NOT NULL,
  `image_first` varchar(300) DEFAULT NULL COMMENT '图一',
  `content_first` varchar(3000) DEFAULT NULL COMMENT '图一说明',
  `class_first` varchar(100) DEFAULT NULL COMMENT '图一class',
  `image_second` varchar(300) DEFAULT NULL COMMENT '图二',
  `content_second` varchar(3000) DEFAULT NULL COMMENT '图二说明',
  `class_second` varchar(100) DEFAULT NULL COMMENT '图二class',
  `story_id` varchar(64) NOT NULL COMMENT '故事id',
  `is_year` int(1) DEFAULT NULL COMMENT '是否是年',
  `CREATE_BY` varchar(64) DEFAULT NULL COMMENT '创建人',
  `CREATE_DATE` datetime DEFAULT NULL COMMENT '创建日期',
  `UPDATE_BY` varchar(64) DEFAULT NULL COMMENT '修改人',
  `UPDATE_DATE` datetime DEFAULT NULL COMMENT '修改日期',
  `REMARKS` varchar(255) DEFAULT NULL COMMENT '备注',
  `DEL_FLAG` varchar(1) DEFAULT NULL COMMENT '删除标识 1 删除 0 未删除 2 审核',
  `FLAG` varchar(1) DEFAULT NULL COMMENT '启用标识 1 启用 0 停用 ',
  `title` varchar(3000) DEFAULT NULL COMMENT 'title',
  `story_date` datetime DEFAULT NULL,
  PRIMARY KEY (`business_id`)
) ENGINE=InnoDB DEFAULT CHARSET=utf8;

-- ----------------------------
--  Records of `l_story_fragment`
-- ----------------------------
BEGIN;
INSERT INTO `l_story_fragment` VALUES ('1a054b34f6834751b7ca27f09716b201', '/stories/0d76004eccb54b03ab9a07de145f520e/c2c1b41d767a45d1b6de86c3b560ee55/2017-03-23/8D56B061217842BFAE085083D4DF33FD.jpg', '雪儿 happy birthday', 'list_show show4', '/stories/0d76004eccb54b03ab9a07de145f520e/c2c1b41d767a45d1b6de86c3b560ee55/2017-03-23/1B97C41A09DF451A99FAD5F1289AED5B.jpg', null, null, 'c2c1b41d767a45d1b6de86c3b560ee55', '0', '0d76004eccb54b03ab9a07de145f520e', '2017-03-23 16:21:25', '0d76004eccb54b03ab9a07de145f520e', '2017-03-23 16:21:25', null, '0', '1', '第一个生日', '2016-03-26 00:00:00'), ('288efd2285a1414c904d6d92b559bb0b', '/stories/0d76004eccb54b03ab9a07de145f520e/c2c1b41d767a45d1b6de86c3b560ee55/2017-03-23/BDB470FD1AC845559785A09859C118C4.jpeg', null, 'list_show show4', '/stories/0d76004eccb54b03ab9a07de145f520e/c2c1b41d767a45d1b6de86c3b560ee55/2017-03-23/BAF43BB7A9644A5397E0402E35A3F85C.jpeg', null, null, 'c2c1b41d767a45d1b6de86c3b560ee55', '0', '0d76004eccb54b03ab9a07de145f520e', '2017-03-23 19:39:50', '0d76004eccb54b03ab9a07de145f520e', '2017-03-23 19:39:50', null, '0', '1', '河面', '2016-09-15 00:00:00'), ('439b3629901642cb8e14f8a335a0de96', '/stories/0d76004eccb54b03ab9a07de145f520e/c2c1b41d767a45d1b6de86c3b560ee55/2017-03-23/FC8CFBD40DC34233877E988021343AE0.jpeg', '凤凰古城', 'list_show show4', '/stories/0d76004eccb54b03ab9a07de145f520e/c2c1b41d767a45d1b6de86c3b560ee55/2017-03-23/6CB3363862B04E0FAE65CC18EBDA6903.jpeg', null, null, 'c2c1b41d767a45d1b6de86c3b560ee55', '0', '0d76004eccb54b03ab9a07de145f520e', '2017-03-23 16:59:17', '0d76004eccb54b03ab9a07de145f520e', '2017-03-23 16:59:17', null, '0', '1', '清晨', '2016-09-15 00:00:00'), ('4e7edee5567347e180f8802516cac32d', '/stories/0d76004eccb54b03ab9a07de145f520e/c2c1b41d767a45d1b6de86c3b560ee55/2017-03-23/45378AF2D9CB46FC982435C2253A8CA2.jpeg', '湖南省湘西土家族苗族自治州凤凰县', 'list_show show4', '/stories/0d76004eccb54b03ab9a07de145f520e/c2c1b41d767a45d1b6de86c3b560ee55/2017-03-23/B91A0ED57E1643DABAB4C43BC993A186.jpeg', null, null, 'c2c1b41d767a45d1b6de86c3b560ee55', '0', '0d76004eccb54b03ab9a07de145f520e', '2017-03-23 16:54:22', '0d76004eccb54b03ab9a07de145f520e', '2017-03-23 16:54:22', null, '0', '1', '凤凰古城', '2016-09-14 00:00:00'), ('4f75cad6a84e421d94306eeda5e4834d', '/stories/0d76004eccb54b03ab9a07de145f520e/c2c1b41d767a45d1b6de86c3b560ee55/2017-03-22/0D80BB07AA0840E7AA6C429EF310E597.jpeg', '', 'list_show show5', '/stories/0d76004eccb54b03ab9a07de145f520e/c2c1b41d767a45d1b6de86c3b560ee55/2017-03-22/948F373F5F50455BAEDBFE285B41BC0F.jpeg', '', null, 'c2c1b41d767a45d1b6de86c3b560ee55', '0', '0d76004eccb54b03ab9a07de145f520e', '2017-03-22 16:41:25', '0d76004eccb54b03ab9a07de145f520e', '2017-03-22 16:48:04', null, '0', '1', '玻璃栈道', '2016-09-14 00:00:00'), ('5a9e801697bb41ad9f97486fe05beb9c', '/stories/0d76004eccb54b03ab9a07de145f520e/c2c1b41d767a45d1b6de86c3b560ee55/2017-03-26/90B5FDEC2E134C0786C86BF46B1D6B00.jpeg', 'happy birthday', 'list_show', null, null, null, 'c2c1b41d767a45d1b6de86c3b560ee55', '0', '0d76004eccb54b03ab9a07de145f520e', '2017-03-26 20:22:40', '0d76004eccb54b03ab9a07de145f520e', '2017-03-26 20:22:40', null, '0', '1', '第二个生日', '2017-03-26 00:00:00'), ('65360043a4c04df1bc71e6fb3b9c1965', '/stories/0d76004eccb54b03ab9a07de145f520e/c2c1b41d767a45d1b6de86c3b560ee55/2017-03-23/0FF8D0161C284205AC4A855D75166D31.jpeg', null, 'list_show show4', '/stories/0d76004eccb54b03ab9a07de145f520e/c2c1b41d767a45d1b6de86c3b560ee55/2017-03-23/3BA5DF9F26D4423689ACA477BB16DF9D.jpeg', null, null, 'c2c1b41d767a45d1b6de86c3b560ee55', '0', '0d76004eccb54b03ab9a07de145f520e', '2017-03-23 19:37:34', '0d76004eccb54b03ab9a07de145f520e', '2017-03-23 19:37:34', null, '0', '1', '游船', '2016-09-15 00:00:00'), ('7d5ba6d98847438bb1da17a6a5d5af30', '/stories/0d76004eccb54b03ab9a07de145f520e/c2c1b41d767a45d1b6de86c3b560ee55/2017-03-23/AC8EBE2881EB487DAEDF52BC244B6FE3.Jpg', '唐人街探案', 'list_show show4', '/stories/0d76004eccb54b03ab9a07de145f520e/c2c1b41d767a45d1b6de86c3b560ee55/2017-03-23/FFEDD91D88D14F2D8F4042AAE3F64DA4.jpg', null, null, 'c2c1b41d767a45d1b6de86c3b560ee55', '0', '0d76004eccb54b03ab9a07de145f520e', '2017-03-23 16:19:04', '0d76004eccb54b03ab9a07de145f520e', '2017-03-23 16:19:04', null, '0', '1', '第一场电影', '2016-01-31 00:00:00'), ('814a217acabc4dd2b55b10679e1c4174', '/stories/0d76004eccb54b03ab9a07de145f520e/c2c1b41d767a45d1b6de86c3b560ee55/2017-03-23/95DF4EC7997E4319B4EAFC18BA9CE3FF.jpeg', null, 'list_show show4', '/stories/0d76004eccb54b03ab9a07de145f520e/c2c1b41d767a45d1b6de86c3b560ee55/2017-03-23/50BF0127A68F49CA941EE21F2399FDAF.jpeg', null, null, 'c2c1b41d767a45d1b6de86c3b560ee55', '0', '0d76004eccb54b03ab9a07de145f520e', '2017-03-23 19:42:46', '0d76004eccb54b03ab9a07de145f520e', '2017-03-23 19:42:46', null, '0', '1', '古城', '2016-09-15 00:00:00'), ('981d6f0311c748a08516266a4f823969', '/stories/0d76004eccb54b03ab9a07de145f520e/c2c1b41d767a45d1b6de86c3b560ee55/2017-03-22/4C31337B1E38486CBF04D0991F9B128F.jpeg', '张家界天门山', 'list_show show4', '/stories/0d76004eccb54b03ab9a07de145f520e/c2c1b41d767a45d1b6de86c3b560ee55/2017-03-22/9CD4BA6D2E0642EC8A7519F70CD591F2.jpeg', '天门山隧道', null, 'c2c1b41d767a45d1b6de86c3b560ee55', '0', '0d76004eccb54b03ab9a07de145f520e', '2017-03-22 09:28:55', '0d76004eccb54b03ab9a07de145f520e', '2017-03-22 16:44:46', null, '0', '1', '第一次旅行', '2016-09-14 00:00:00'), ('9e093f261a554f4dba7a8c06c9a6a125', '/stories/0d76004eccb54b03ab9a07de145f520e/c2c1b41d767a45d1b6de86c3b560ee55/2017-04-03/552766F9CBCF42E38A2B7C61F51605CB.jpeg', '河东万达', 'list_show show4', '/stories/0d76004eccb54b03ab9a07de145f520e/c2c1b41d767a45d1b6de86c3b560ee55/2017-04-03/FAE594D0C9E44C41AA747C4E28440BD0.jpeg', null, null, 'c2c1b41d767a45d1b6de86c3b560ee55', '0', '0d76004eccb54b03ab9a07de145f520e', '2017-04-03 11:18:30', '0d76004eccb54b03ab9a07de145f520e', '2017-04-03 11:18:30', null, '0', '1', '家庭聚餐', '2017-04-02 00:00:00'), ('9eb20ec6af9d44338d3219dc81fc6273', '/stories/0d76004eccb54b03ab9a07de145f520e/c2c1b41d767a45d1b6de86c3b560ee55/2017-03-23/8397DF38EE47470BA2684E87E28FD8EC.png', '津湾广场', 'list_show', '', '', null, 'c2c1b41d767a45d1b6de86c3b560ee55', '0', '0d76004eccb54b03ab9a07de145f520e', '2017-03-23 16:34:07', '0d76004eccb54b03ab9a07de145f520e', '2017-03-23 16:38:02', null, '0', '1', '第一个朋友圈', '2016-05-21 00:00:00'), ('a5191435ea364745b65f7083556e3d67', '/stories/0d76004eccb54b03ab9a07de145f520e/c2c1b41d767a45d1b6de86c3b560ee55/2017-04-03/AAD008329ED44D6C82E3223599932ABB.jpeg', '平安夜', 'list_show show4', '/stories/0d76004eccb54b03ab9a07de145f520e/c2c1b41d767a45d1b6de86c3b560ee55/2017-04-03/58333F7DEC0A4FCBAB5D75993CDCED70.jpeg', '', null, 'c2c1b41d767a45d1b6de86c3b560ee55', '0', '0d76004eccb54b03ab9a07de145f520e', '2017-03-24 15:52:48', '0d76004eccb54b03ab9a07de145f520e', '2017-04-03 11:14:25', null, '0', '1', '第一个圣诞节', '2016-12-24 00:00:00'), ('a6479eae8dd5448987429301bfe9b672', '/stories/0d76004eccb54b03ab9a07de145f520e/c2c1b41d767a45d1b6de86c3b560ee55/2017-03-22/062CF1EB777D450D9F3D0014ACA79AFB.jpeg', '无遮挡缆车', 'list_show show4', '/stories/0d76004eccb54b03ab9a07de145f520e/c2c1b41d767a45d1b6de86c3b560ee55/2017-03-22/6C0326AF3E084C7E953566EFC79B8D3C.jpeg', null, null, 'c2c1b41d767a45d1b6de86c3b560ee55', '0', '0d76004eccb54b03ab9a07de145f520e', '2017-03-22 16:53:32', '0d76004eccb54b03ab9a07de145f520e', '2017-03-22 16:53:32', null, '0', '1', '天门山', '2016-09-14 00:00:00'), ('d89805865add442eb340c12f07b473e9', '/stories/0d76004eccb54b03ab9a07de145f520e/c2c1b41d767a45d1b6de86c3b560ee55/2017-06-07/12A119D7475F495C9E2893358658EB05.jpeg', 'cy请客，随便骑', 'list_show show5', '/stories/0d76004eccb54b03ab9a07de145f520e/c2c1b41d767a45d1b6de86c3b560ee55/2017-06-07/E5181E1FFC3942B2BFEA1771A5FDC0C4.jpeg', '', null, 'c2c1b41d767a45d1b6de86c3b560ee55', '0', '0d76004eccb54b03ab9a07de145f520e', '2017-06-07 05:20:54', '0d76004eccb54b03ab9a07de145f520e', '2017-06-07 05:24:53', null, '0', '1', '摩拜，小黄骑行记', '2017-04-04 00:00:00'), ('d95882ed10f04e80a6b46683633f8ee8', '/stories/0d76004eccb54b03ab9a07de145f520e/c2c1b41d767a45d1b6de86c3b560ee55/2017-03-22/64CC1E23BB084AB298EBA0C79BFE3AC9.jpeg', '', 'list_show show4', '/stories/0d76004eccb54b03ab9a07de145f520e/c2c1b41d767a45d1b6de86c3b560ee55/2017-03-22/B60FC9E8E1484265A7F22762868A6AF4.jpeg', '', null, 'c2c1b41d767a45d1b6de86c3b560ee55', '0', '0d76004eccb54b03ab9a07de145f520e', '2017-03-22 16:54:31', '0d76004eccb54b03ab9a07de145f520e', '2017-03-22 16:55:39', null, '0', '1', '山顶', '2016-09-14 00:00:00'), ('ded8b3ea79784d0f931851f1a9a93185', '/stories/0d76004eccb54b03ab9a07de145f520e/c2c1b41d767a45d1b6de86c3b560ee55/2017-03-23/DA39DC992C644EF3931056BA4331B901.jpeg', '好友穆畅牵线->相识', 'list_show show4', '/stories/0d76004eccb54b03ab9a07de145f520e/c2c1b41d767a45d1b6de86c3b560ee55/2017-03-23/63B95E9B2E3B4E28A8F1DA9FE59BFE9C.jpeg', '陽', null, 'c2c1b41d767a45d1b6de86c3b560ee55', '0', '0d76004eccb54b03ab9a07de145f520e', '2017-03-23 15:42:03', '0d76004eccb54b03ab9a07de145f520e', '2017-03-23 16:23:02', null, '0', '1', '陽&雪', '2016-01-26 00:00:00'), ('e6628ced62334de7b0d5f95ae37cc36e', '/stories/0d76004eccb54b03ab9a07de145f520e/c2c1b41d767a45d1b6de86c3b560ee55/2017-03-23/CAF56815745A4B9D99FF1722EDB8A819.png', '', 'list_show', '', '', null, 'c2c1b41d767a45d1b6de86c3b560ee55', '0', '0d76004eccb54b03ab9a07de145f520e', '2017-03-23 16:32:51', '0d76004eccb54b03ab9a07de145f520e', '2017-03-23 16:37:18', null, '0', '1', '转正了', '2016-05-12 00:00:00'), ('f31a56df04cf47cd9a1cf10788d7ce0b', '/stories/0d76004eccb54b03ab9a07de145f520e/c2c1b41d767a45d1b6de86c3b560ee55/2017-03-23/5AE483EBDC81442494240C3776C36E10.jpeg', '背景，长江大桥', 'list_show', null, null, null, 'c2c1b41d767a45d1b6de86c3b560ee55', '0', '0d76004eccb54b03ab9a07de145f520e', '2017-03-23 19:45:19', '0d76004eccb54b03ab9a07de145f520e', '2017-03-23 19:45:19', null, '0', '1', '晴川阁', '2016-09-17 00:00:00'), ('fd23300b017740799eeb888855255542', '', '幸福的起源', 'list_show show5', '', '', null, 'c2c1b41d767a45d1b6de86c3b560ee55', '1', '0d76004eccb54b03ab9a07de145f520e', '2017-03-23 15:45:46', '0d76004eccb54b03ab9a07de145f520e', '2017-03-23 15:46:52', null, '0', '1', '陽春白雪', '2016-01-01 00:00:00');
COMMIT;

-- ----------------------------
--  Table structure for `sys_dept`
-- ----------------------------
DROP TABLE IF EXISTS `sys_dept`;
CREATE TABLE `sys_dept` (
  `BUSINESS_ID` varchar(64) NOT NULL,
  `PARENT_ID` varchar(64) DEFAULT NULL COMMENT '父机构id',
  `NAME` varchar(100) DEFAULT NULL COMMENT '部门名称',
  `DEPT_CODE` varchar(64) DEFAULT NULL COMMENT '部门编号',
  `CREATE_BY` varchar(64) DEFAULT NULL COMMENT '创建人',
  `CREATE_DATE` datetime NOT NULL COMMENT '创建日期',
  `UPDATE_BY` varchar(64) DEFAULT NULL COMMENT '修改人',
  `UPDATE_DATE` datetime NOT NULL COMMENT '修改日期',
  `REMARKS` varchar(255) DEFAULT NULL COMMENT '备注',
  `SEQ_DATE` datetime NOT NULL COMMENT '排序日期',
  `DEL_FLAG` varchar(1) DEFAULT NULL COMMENT '删除标识 1 删除 0 未删除 2 审核',
  `FLAG` varchar(1) DEFAULT NULL,
  PRIMARY KEY (`BUSINESS_ID`)
) ENGINE=InnoDB DEFAULT CHARSET=utf8;

-- ----------------------------
--  Records of `sys_dept`
-- ----------------------------
BEGIN;
INSERT INTO `sys_dept` VALUES ('1', null, '融创软通', '0000', null, '2016-11-06 21:49:55', '0d76004eccb54b03ab9a07de145f520e', '2016-11-09 15:39:14', null, '2016-08-24 10:38:10', '0', '1'), ('26c53f3860c847f1864c4bde3015d7fb', '1', '软件服务事业部', '0004', '1', '2016-11-09 14:21:17', '0d76004eccb54b03ab9a07de145f520e', '2016-11-24 10:17:51', null, '2016-11-09 14:20:09', '0', '1'), ('61592f5fc8744a05a77397b507e0c200', '1', '教育培训事业部', '0003', '1', '2016-11-09 14:20:44', '1', '2016-11-09 14:20:44', null, '2016-11-09 14:20:09', '0', '1'), ('696fd73bae354083b8166476e866d604', '1', '人才服务事业部', '0002', '1', '2016-11-09 14:20:30', '1', '2016-11-09 14:20:30', null, '2016-11-09 14:20:09', '0', '1'), ('6d75c8343a5c4c278a7fe727cb97ad8e', '1', '综合管理事业部', '0005', '1', '2016-11-09 14:22:09', '1', '2016-11-09 14:22:09', null, '2016-11-09 14:20:09', '0', '1'), ('ea9b428688d244629536be52fb6bad74', '1', '行政管理服务部', '0001', '1', '2016-11-09 14:20:09', '1', '2016-11-09 14:20:09', null, '2016-11-09 14:20:09', '0', '1');
COMMIT;

-- ----------------------------
--  Table structure for `sys_dept_role`
-- ----------------------------
DROP TABLE IF EXISTS `sys_dept_role`;
CREATE TABLE `sys_dept_role` (
  `BUSINESS_ID` varchar(64) NOT NULL,
  `DEPT_ID` varchar(64) NOT NULL COMMENT '部门id',
  `ROLE_ID` varchar(64) NOT NULL COMMENT '角色id',
  PRIMARY KEY (`BUSINESS_ID`)
) ENGINE=InnoDB DEFAULT CHARSET=utf8 ROW_FORMAT=DYNAMIC;

-- ----------------------------
--  Records of `sys_dept_role`
-- ----------------------------
BEGIN;
INSERT INTO `sys_dept_role` VALUES ('1', '26c53f3860c847f1864c4bde3015d7fb', '1'), ('603a1b85af344747aed27caf1eba29c8', '26c53f3860c847f1864c4bde3015d7fb', '35b730e26f4c45ee95f06777f4f20c22'), ('8ea7f3be654f4c3091b77f7c4aaf8ded', '26c53f3860c847f1864c4bde3015d7fb', '2cee2272e5b94a608db915ca72461b50');
COMMIT;

-- ----------------------------
--  Table structure for `sys_dept_role_user`
-- ----------------------------
DROP TABLE IF EXISTS `sys_dept_role_user`;
CREATE TABLE `sys_dept_role_user` (
  `BUSINESS_ID` varchar(64) NOT NULL,
  `DEPT_ROLE_ID` varchar(64) NOT NULL COMMENT '角色id',
  `USER_ID` varchar(64) NOT NULL COMMENT '用户id',
  PRIMARY KEY (`BUSINESS_ID`)
) ENGINE=InnoDB DEFAULT CHARSET=utf8 ROW_FORMAT=DYNAMIC;

-- ----------------------------
--  Records of `sys_dept_role_user`
-- ----------------------------
BEGIN;
INSERT INTO `sys_dept_role_user` VALUES ('1', '1', '0d76004eccb54b03ab9a07de145f520e'), ('8202378d2145435db709c70c284445c5', '603a1b85af344747aed27caf1eba29c8', 'ca8dd74ea8e04bb3b85c18101fbd10ba'), ('b5281443b04742319a40f1f16bcdaa96', '8ea7f3be654f4c3091b77f7c4aaf8ded', '5df55e5a1b25439eb442bc3c42899fcb');
COMMIT;

-- ----------------------------
--  Table structure for `sys_dictionary`
-- ----------------------------
DROP TABLE IF EXISTS `sys_dictionary`;
CREATE TABLE `sys_dictionary` (
  `BUSINESS_ID` varchar(64) NOT NULL COMMENT '编号',
  `pid` varchar(64) DEFAULT NULL,
  `type` varchar(64) DEFAULT NULL COMMENT '类型',
  `name` varchar(64) DEFAULT NULL COMMENT '名字',
  `value` varchar(64) DEFAULT NULL COMMENT '值',
  `CREATE_BY` varchar(64) DEFAULT NULL COMMENT '创建人',
  `CREATE_DATE` datetime NOT NULL COMMENT '创建日期',
  `UPDATE_BY` varchar(64) DEFAULT NULL COMMENT '修改人',
  `UPDATE_DATE` datetime NOT NULL COMMENT '修改日期',
  `del_flag` varchar(255) DEFAULT NULL,
  `flag` char(1) DEFAULT NULL,
  `remarks` varchar(255) DEFAULT NULL,
  PRIMARY KEY (`BUSINESS_ID`,`CREATE_DATE`)
) ENGINE=InnoDB DEFAULT CHARSET=utf8 COMMENT='数据字典';

-- ----------------------------
--  Table structure for `sys_log`
-- ----------------------------
DROP TABLE IF EXISTS `sys_log`;
CREATE TABLE `sys_log` (
  `BUSINESS_ID` varchar(64) NOT NULL,
  `message` varchar(255) DEFAULT NULL,
  `level` varchar(10) DEFAULT NULL,
  `detail` varchar(255) DEFAULT NULL,
  `logDate` datetime DEFAULT NULL,
  `CREATE_BY` varchar(64) DEFAULT NULL COMMENT '创建人',
  `CREATE_DATE` datetime NOT NULL COMMENT '创建日期',
  `UPDATE_BY` varchar(64) DEFAULT NULL COMMENT '修改人',
  `UPDATE_DATE` datetime NOT NULL COMMENT '修改日期',
  `del_flag` varchar(255) DEFAULT NULL,
  `flag` char(1) DEFAULT NULL,
  PRIMARY KEY (`BUSINESS_ID`)
) ENGINE=InnoDB DEFAULT CHARSET=utf8;

-- ----------------------------
--  Table structure for `sys_menu`
-- ----------------------------
DROP TABLE IF EXISTS `sys_menu`;
CREATE TABLE `sys_menu` (
  `BUSINESS_ID` varchar(64) NOT NULL COMMENT '业务主键',
  `PARENT_ID` varchar(64) DEFAULT NULL COMMENT '父级菜单',
  `PARENT_IDS` varchar(2000) DEFAULT NULL COMMENT '所有父级菜单',
  `NAME` varchar(100) DEFAULT NULL COMMENT '名称',
  `HREF` varchar(255) DEFAULT NULL COMMENT '链接',
  `TARGET` varchar(20) DEFAULT NULL COMMENT '目标（ mainFrame、_blank、_self、_parent、_top）',
  `ICON` varchar(100) DEFAULT NULL COMMENT '图标',
  `SORT` int(11) DEFAULT NULL COMMENT '排序',
  `IS_SHOW` varchar(1) DEFAULT NULL COMMENT '1 显示  0  不显示',
  `IS_ACTIVITI` varchar(1) DEFAULT NULL COMMENT '1 同步到工作流  0 不同步',
  `PERMISSION` varchar(200) DEFAULT NULL COMMENT '权限',
  `CREATE_BY` varchar(64) DEFAULT NULL COMMENT '创建人',
  `CREATE_DATE` datetime NOT NULL COMMENT '创建日期',
  `UPDATE_BY` varchar(64) DEFAULT NULL COMMENT '修改人',
  `UPDATE_DATE` datetime NOT NULL COMMENT '修改日期',
  `REMARKS` varchar(255) DEFAULT NULL COMMENT '备注',
  `DEL_FLAG` varchar(1) DEFAULT NULL COMMENT '删除标识 1 删除 0 未删除 2 审核',
  `CODE` varchar(255) DEFAULT NULL,
  `FLAG` varchar(1) DEFAULT NULL,
  `MODEL_ID` varchar(64) DEFAULT NULL COMMENT '模型ID',
  `CASE_COUNT` int(10) DEFAULT NULL COMMENT '层级',
  PRIMARY KEY (`BUSINESS_ID`)
) ENGINE=InnoDB DEFAULT CHARSET=utf8 ROW_FORMAT=DYNAMIC;

-- ----------------------------
--  Records of `sys_menu`
-- ----------------------------
BEGIN;
INSERT INTO `sys_menu` VALUES ('0422b3dbd78f4f138432eff4a5f6ebbd', 'e81e92d15cba488db036bf00ac234dcc', null, '导出工时', '', '_blank', '', '6', '0', null, 'home:timesheet:export', '0d76004eccb54b03ab9a07de145f520e', '2017-06-21 20:08:28', '0d76004eccb54b03ab9a07de145f520e', '2017-06-21 20:08:28', null, '0', '210505', '1', '21', '3'), ('0649bf3d557c4bb29584b5b125c6e57e', '75cb5057378d48adb7fb411ae8c786fb', null, '电影管理', '/view/homeBack/movie', '_blank', null, '2', '1', null, 'home:movie', '0d76004eccb54b03ab9a07de145f520e', '2017-01-22 15:51:42', '0d76004eccb54b03ab9a07de145f520e', '2017-01-22 15:51:42', null, '0', '2102', '1', '21', '2'), ('0bf73276eaab4bac96442bd7afb6c093', 'e8a90c1416fa4846ab0e83c8e9bc1fbf', null, '查看部门', '', '_blank', 'fa-circle-o', '0', '0', null, 'sys:dept:view', '1', '2016-08-30 10:35:49', '1', '2016-08-30 10:35:35', null, '0', '20010100', '1', '20', '4'), ('0df96d8f2f8b46c8b5f3a678aa0ffdf1', 'c5c7efa192d54126ba9a575ec3838278', null, '增加博客', null, '_blank', null, '1', '0', null, 'home:blog:add', '0d76004eccb54b03ab9a07de145f520e', '2017-06-26 14:48:46', '0d76004eccb54b03ab9a07de145f520e', '2017-06-26 14:48:46', null, '0', '210101', '1', '21', '3'), ('1', null, null, '系统菜单', '', '_parent', '', null, '0', null, 'sys:user', null, '2016-08-05 12:01:11', '1', '2016-08-05 11:38:09', null, '0', '', '0', null, '0'), ('1696d05601354ded91fbf95c01029402', 'c5c7efa192d54126ba9a575ec3838278', null, '删除博客', null, '_blank', null, '3', '0', null, 'home:blog:delete', '0d76004eccb54b03ab9a07de145f520e', '2017-06-26 14:50:10', '0d76004eccb54b03ab9a07de145f520e', '2017-06-26 14:50:10', null, '0', '210103', '1', '21', '3'), ('179d6afc4f384ef68a489e3714a9b6ca', 'b6585ee435a74d5086a49eddfded8880', null, '人员综合管理', null, '_blank', 'fa-circle-o', '4', '0', null, 'sys:user', '1', '2016-08-05 14:53:32', '1', '2016-08-05 14:53:32', null, '0', '20010404', '1', '20', '4'), ('245d9a5fd85a43909e7b8b95ff5abbc6', 'e81e92d15cba488db036bf00ac234dcc', null, '工时审批', null, '_blank', null, '7', '0', null, 'home:timesheet:assess', '0d76004eccb54b03ab9a07de145f520e', '2017-06-21 21:24:28', '0d76004eccb54b03ab9a07de145f520e', '2017-06-21 21:24:28', null, '0', '201506', '1', '21', '3'), ('4136f5e231924d7d81a2d34388f049e3', '61678861869a45088b6bee6e861f1d91', null, '菜单管理', '/view/background/menu', '_blank', 'fa-circle-o', '2', '1', null, 'sys:menu:view', '1', '2016-08-05 13:32:02', '1', '2016-08-05 13:32:02', null, '0', '200102', '1', '20', '3'), ('47b3971654df45f38ca7643eaf49cc25', 'e81e92d15cba488db036bf00ac234dcc', null, '修改工时', null, '_blank', null, '3', '0', null, 'home:timesheet:update', '0d76004eccb54b03ab9a07de145f520e', '2017-02-07 10:01:15', '0d76004eccb54b03ab9a07de145f520e', '2017-02-07 10:01:15', null, '0', '210503', '1', '21', '3'), ('4fdacc3e123a4d608b943f567275c76d', 'e8a90c1416fa4846ab0e83c8e9bc1fbf', null, '增加部门', '', '_blank', 'fa-circle-o', '1', '0', null, 'sys:dept:add', '1', '2016-08-30 10:14:04', '1', '2016-08-05 13:34:44', null, '0', '20010101', '1', '20', '4'), ('51ed873b2e154005b2a4ad60c1e31224', 'b7065da0ff2a4ac699a55726327b3526', null, '角色综合管理', null, '_blank', 'fa-circle-o', '4', '0', null, 'sys:role', '1', '2016-08-05 14:50:04', '1', '2016-08-05 14:50:04', null, '0', '20010304', '1', '20', '4'), ('550682538ca447f197c9acfc2fd81fea', 'fcc1ca3d6e514a2d804ab014db44e80f', null, '流程模型管理', '/view/background/workflowModel', '_blank', 'fa-circle-o', '1', '1', null, 'sys:workflowModel', '0d76004eccb54b03ab9a07de145f520e', '2017-01-20 21:06:40', '0d76004eccb54b03ab9a07de145f520e', '2017-01-20 21:06:40', null, '0', '200201', '1', '20', '3'), ('5667c795ad4a499b9c2eb52ddbc1e0c0', 'fcc1ca3d6e514a2d804ab014db44e80f', null, '历史流程管理', '/view/background/workflowHisInstance', '_blank', 'fa-circle-o', '4', '1', null, 'sys:workflowInstance', '0d76004eccb54b03ab9a07de145f520e', '2017-06-13 08:52:36', '0d76004eccb54b03ab9a07de145f520e', '2017-06-13 08:52:36', null, '0', '200204', '1', '20', '3'), ('5a226743edcc4194b39049548b45a00b', 'b7065da0ff2a4ac699a55726327b3526', null, '增加角色', null, '_blank', 'fa-circle-o', '1', '0', null, 'sys:role:add', '1', '2016-08-05 14:48:10', '1', '2016-08-05 14:48:10', null, '0', '20010301', '1', '20', '4'), ('5cad5a19a345418f87d15483e8ef8590', 'e8a90c1416fa4846ab0e83c8e9bc1fbf', null, '修改部门', null, '_blank', 'fa-circle-o', '2', '0', null, 'sys:dept:update', '1', '2016-08-05 13:35:54', '1', '2016-08-05 13:35:54', null, '0', '20010102', '1', '20', '4'), ('61678861869a45088b6bee6e861f1d91', 'a24272efc15f43f187414663532db146', null, '系统管理', null, '_blank', 'fa-dashboard', '2', '1', null, null, '1', '2016-08-05 13:21:27', '1', '2016-08-05 13:21:27', null, '0', '2001', '1', '20', '2'), ('642d76a1d0104927a9d42e544c5dad84', 'b6585ee435a74d5086a49eddfded8880', null, '修改人员', null, '_blank', 'fa-circle-o', '2', '0', null, 'sys:user:update', '1', '2016-08-05 14:52:25', '1', '2016-08-05 14:52:25', null, '0', '20010402', '1', '20', '4'), ('68c77297d15049718a387e032da850d7', 'b6585ee435a74d5086a49eddfded8880', null, '增加人员', null, '_blank', 'fa-circle-o', '1', '0', null, 'sys:user:add', '1', '2016-08-05 14:51:39', '1', '2016-08-05 14:51:39', null, '0', '20010401', '1', '20', '4'), ('6a67d03182824b658238e6596aa992dc', '4136f5e231924d7d81a2d34388f049e3', null, '查看菜单', null, '_blank', 'fa-circle-o', '0', '0', null, 'sys:menu:view', '1', '2016-08-30 10:34:54', '1', '2016-08-30 10:34:54', null, '0', '20010200', '1', '20', '4'), ('7460838cf6684ecead1521449fae0447', 'b7065da0ff2a4ac699a55726327b3526', null, '查看角色', null, '_blank', 'fa-circle-o', '0', '0', null, 'sys:role:view', '1', '2016-08-30 10:34:05', '1', '2016-08-30 10:34:05', null, '0', '20010300', '1', '20', '4'), ('75cb5057378d48adb7fb411ae8c786fb', '1', null, '主页模块', null, '_blank', null, '2', '1', null, null, '0d76004eccb54b03ab9a07de145f520e', '2017-01-22 15:48:10', '0d76004eccb54b03ab9a07de145f520e', '2017-01-22 15:48:10', null, '0', '21', '1', '21', '1'), ('77381f42f29845fbbe34fdf51cf16f41', 'fcc1ca3d6e514a2d804ab014db44e80f', null, '流程实例管理', '/view/background/workflowInstance', '_blank', 'fa-circle-o', '3', '1', null, 'sys:workflowInstance', '0d76004eccb54b03ab9a07de145f520e', '2017-06-12 22:22:21', '0d76004eccb54b03ab9a07de145f520e', '2017-06-12 22:22:21', null, '0', '200203', '1', '20', '3'), ('77c185c5812441e49161c7ed51dc16c0', '4136f5e231924d7d81a2d34388f049e3', null, '删除菜单', null, '_blank', 'fa-circle-o', '3', '0', null, 'sys:menu:delete', '1', '2016-08-05 14:46:37', '1', '2016-08-05 14:46:37', null, '0', '20010203', '1', '20', '4'), ('7b1f702e926d4eeb91f2ce7a00269902', 'e81e92d15cba488db036bf00ac234dcc', null, '增加工时', '', '_blank', '', '2', '0', null, 'home:timesheet:add', '0d76004eccb54b03ab9a07de145f520e', '2017-02-07 09:55:45', '0d76004eccb54b03ab9a07de145f520e', '2017-02-07 09:55:45', null, '0', '201502', '1', '21', '3'), ('7ddb25af9d0343fbbc94e01635db8076', 'b6585ee435a74d5086a49eddfded8880', null, '删除人员', null, '_blank', 'fa-circle-o', '3', '0', null, 'sys:user:delete', '1', '2016-08-05 14:52:56', '1', '2016-08-05 14:52:56', null, '0', '20010403', '1', '20', '4'), ('85918a8422d242f5a859f94f1a4db201', 'a24272efc15f43f187414663532db146', null, '任务管理', '', '_blank', 'fa-tasks', '4', '1', null, '', '0d76004eccb54b03ab9a07de145f520e', '2017-06-13 09:15:42', '0d76004eccb54b03ab9a07de145f520e', '2017-06-13 09:15:42', null, '0', '2003', '1', '20', '2'), ('8c9034dc4a3e4277bae8444d4ef4b341', '4136f5e231924d7d81a2d34388f049e3', null, '菜单综合管理', null, '_blank', 'fa-circle-o', '4', '0', null, 'sys:menu', '1', '2016-08-05 14:47:32', '1', '2016-08-05 14:47:32', null, '0', '20010204', '1', '20', '4'), ('93b5770b547f4e5e88ac03c701e4a68a', 'b7065da0ff2a4ac699a55726327b3526', null, '修改角色', null, '_blank', 'fa-circle-o', '2', '0', null, 'sys:role:update', '1', '2016-08-05 14:48:40', '1', '2016-08-05 14:48:40', null, '0', '20010302', '1', '20', '4'), ('9522595dc99b4e4ba8aee168699f896f', '75cb5057378d48adb7fb411ae8c786fb', null, '生死契阔', '/view/homeBack/story', '_blank', '', '3', '1', null, 'home:story', '0d76004eccb54b03ab9a07de145f520e', '2017-01-22 15:54:40', '0d76004eccb54b03ab9a07de145f520e', '2017-01-22 15:54:40', null, '0', '2103', '1', '21', '2'), ('9e9a671d43f54f288637026e5c21cba4', '85918a8422d242f5a859f94f1a4db201', null, '待办任务', '/view/background/tasksToDo', '_blank', 'fa-hand-o-right', '1', '1', null, '', '0d76004eccb54b03ab9a07de145f520e', '2017-06-13 09:23:25', '0d76004eccb54b03ab9a07de145f520e', '2017-06-13 09:23:25', null, '0', '200301', '1', '20', '3'), ('a0ba6a7849d54f03b6cbab7b370ccc3f', 'c5c7efa192d54126ba9a575ec3838278', null, '管理博客', null, '_blank', null, '4', '0', null, 'home:blog:manage', '0d76004eccb54b03ab9a07de145f520e', '2017-06-26 14:50:56', '0d76004eccb54b03ab9a07de145f520e', '2017-06-26 14:50:56', null, '0', '210104', '1', '21', '3'), ('a24272efc15f43f187414663532db146', '1', null, '后台模块', '', '_blank', '', '1', '1', null, '', '0d76004eccb54b03ab9a07de145f520e', '2017-01-20 16:17:35', '0d76004eccb54b03ab9a07de145f520e', '2017-01-20 16:17:35', null, '0', '20', '1', '20', '1'), ('a61af04406784d9bb1338a6b61193cc5', 'b6585ee435a74d5086a49eddfded8880', null, '角色分配', null, '_blank', 'fa-circle-o', '5', '0', null, 'sys:user:role', '1', '2016-08-08 09:16:50', '1', '2016-08-08 09:16:50', null, '0', '20010405', '1', '20', '4'), ('a81c9a8b28f247fdb2787c40a1cda20b', '75cb5057378d48adb7fb411ae8c786fb', null, '账户管理', '/view/homeBack/account', '_blank', null, '4', '1', null, 'home:account', '0d76004eccb54b03ab9a07de145f520e', '2017-01-23 15:21:10', '0d76004eccb54b03ab9a07de145f520e', '2017-01-23 15:21:10', null, '0', '2104', '1', '21', '2'), ('ac788966bd97437db455644a19443ef2', 'b6585ee435a74d5086a49eddfded8880', null, '查看人员', null, '_blank', 'fa-circle-o', '0', '0', null, 'sys:user:view', '1', '2016-08-30 10:24:24', '1', '2016-08-30 10:24:24', null, '0', '20010400', '1', '20', '4'), ('b6585ee435a74d5086a49eddfded8880', '61678861869a45088b6bee6e861f1d91', null, '人员管理', '/view/background/user', '_blank', 'fa-circle-o', '4', '1', null, 'sys:user:view', '1', '2016-08-05 13:33:10', '1', '2016-08-05 13:33:10', null, '0', '200104', '1', '20', '3'), ('b6b915e861f14fe58fa31389c702886b', 'b7065da0ff2a4ac699a55726327b3526', null, '权限分配', null, '_blank', 'fa-circle-o', '5', '0', null, 'sys:role:permission', '1', '2016-08-08 09:16:02', '1', '2016-08-08 09:16:02', null, '0', '20010305', '1', '20', '4'), ('b7065da0ff2a4ac699a55726327b3526', '61678861869a45088b6bee6e861f1d91', null, '角色管理', '/view/background/role', '_blank', 'fa-circle-o', '3', '1', null, 'sys:role:view', '1', '2016-08-05 13:26:55', '1', '2016-08-05 13:25:18', null, '0', '200103', '1', '20', '3'), ('bf9fc3da7d98404ba9ebf7a5d9d7c445', '85918a8422d242f5a859f94f1a4db201', null, '已办任务', '/view/background/tasksDone', '_blank', 'fa-hand-o-left', '2', '1', null, null, '0d76004eccb54b03ab9a07de145f520e', '2017-06-13 09:24:29', '0d76004eccb54b03ab9a07de145f520e', '2017-06-13 09:24:29', null, '0', '200302', '1', '20', '3'), ('bfb3815a8102491e9f16fc6cb5302da6', 'e81e92d15cba488db036bf00ac234dcc', null, '我的工时', '', '_blank', '', '1', '0', null, 'home:timesheet:view', '0d76004eccb54b03ab9a07de145f520e', '2017-02-07 09:52:00', '0d76004eccb54b03ab9a07de145f520e', '2017-02-07 09:52:00', null, '0', '210501', '1', '21', '3'), ('c2144cc40d4f410ab06c479ce9f67dbd', 'c5c7efa192d54126ba9a575ec3838278', null, '修改博客', null, '_blank', null, '2', '0', null, 'home:blog:update', '0d76004eccb54b03ab9a07de145f520e', '2017-06-26 14:49:33', '0d76004eccb54b03ab9a07de145f520e', '2017-06-26 14:49:33', null, '0', '210102', '1', '21', '3'), ('c5c7efa192d54126ba9a575ec3838278', '75cb5057378d48adb7fb411ae8c786fb', null, '博客管理', '/view/homeBack/blog', '_blank', '', '1', '1', null, 'home:blog:view', '0d76004eccb54b03ab9a07de145f520e', '2017-01-22 15:51:00', '0d76004eccb54b03ab9a07de145f520e', '2017-01-22 15:51:00', null, '0', '2101', '1', '21', '2'), ('cfe9f5f66b60433b818fd120f8523e36', 'b7065da0ff2a4ac699a55726327b3526', null, '删除角色', null, '_blank', 'fa-circle-o', '3', '0', null, 'sys:role:delete', '1', '2016-08-05 14:49:08', '1', '2016-08-05 14:49:08', null, '0', '20010303', '1', '20', '4'), ('d514e0d854ae4230af2709a902bdc2a3', 'e8a90c1416fa4846ab0e83c8e9bc1fbf', null, '部门综合管理', '', '_blank', 'fa-circle-o', '4', '0', null, 'sys:dept', '1', '2016-08-05 13:37:42', '1', '2016-08-05 13:37:42', null, '0', '20010104', '1', '20', '4'), ('d70d64b1c3b049bcb9de3ee36c7557bb', 'e81e92d15cba488db036bf00ac234dcc', null, '删除工时', null, '_blank', null, '5', '0', null, 'home:timeSheet:delete', '0d76004eccb54b03ab9a07de145f520e', '2017-02-07 10:02:26', '0d76004eccb54b03ab9a07de145f520e', '2017-02-07 10:02:26', null, '0', '210504', '1', '21', '3'), ('dd4d020c04484ee1b9131021147ae19a', '4136f5e231924d7d81a2d34388f049e3', null, '修改菜单', null, '_blank', 'fa-circle-o', '2', '0', null, 'sys:menu:update', '1', '2016-08-05 14:45:29', '1', '2016-08-05 14:45:29', null, '0', '20010202', '1', '20', '4'), ('e79d1fac376e4a38a5ea6f3e748c764e', 'fcc1ca3d6e514a2d804ab014db44e80f', null, '流程表单管理', '/view/background/workflowForm', '_blank', 'fa-circle-o', '5', '1', null, 'sys:workflowForm', '0d76004eccb54b03ab9a07de145f520e', '2017-06-13 16:53:40', '0d76004eccb54b03ab9a07de145f520e', '2017-06-13 16:53:40', null, '0', '200205', '1', '20', '3'), ('e81e92d15cba488db036bf00ac234dcc', '75cb5057378d48adb7fb411ae8c786fb', null, '工时管理', '/view/homeBack/timeSheet', '_blank', '', '5', '1', null, 'home:timesheet:view', '0d76004eccb54b03ab9a07de145f520e', '2017-02-07 09:49:19', '0d76004eccb54b03ab9a07de145f520e', '2017-02-07 09:49:19', null, '0', '2105', '1', '21', '2'), ('e8a90c1416fa4846ab0e83c8e9bc1fbf', '61678861869a45088b6bee6e861f1d91', null, '部门管理', '/view/background/dept', '_blank', 'fa-circle-o', '1', '1', null, '', '1', '2016-08-05 13:24:15', '1', '2016-08-05 13:20:25', null, '0', '200101', '1', '20', '3'), ('eadc98af152d4676a9035be06623945d', 'fcc1ca3d6e514a2d804ab014db44e80f', null, '流程部署管理', '/view/background/workflowDeployment', '_blank', 'fa-circle-o', '2', '1', null, 'sys:workflowDeployment', '0d76004eccb54b03ab9a07de145f520e', '2017-06-13 08:33:11', '0d76004eccb54b03ab9a07de145f520e', '2017-06-13 08:33:11', null, '0', '200202', '1', '20', '3'), ('eb21a4defd7f43eaa66a4abac3c20b8f', 'e8a90c1416fa4846ab0e83c8e9bc1fbf', null, '删除部门', null, '_blank', 'fa-circle-o', '3', '0', null, 'sys:dept:delete', '1', '2016-08-05 13:36:47', '1', '2016-08-05 13:36:47', null, '0', '20010103', '1', '20', '4'), ('f31562051ff846f38ddd683f3de0d992', '4136f5e231924d7d81a2d34388f049e3', null, '增加菜单', null, '_blank', 'fa-circle-o', '1', '0', null, 'sys:menu:add', '1', '2016-08-05 14:40:01', '1', '2016-08-05 14:40:01', null, '0', '20010201', '1', '20', '4'), ('fcc1ca3d6e514a2d804ab014db44e80f', 'a24272efc15f43f187414663532db146', null, '工作流管理', null, '_blank', 'fa-files-o', '3', '1', null, null, '0d76004eccb54b03ab9a07de145f520e', '2017-01-20 21:01:17', '0d76004eccb54b03ab9a07de145f520e', '2017-01-20 21:01:17', null, '0', '2002', '1', '20', '2');
COMMIT;

-- ----------------------------
--  Table structure for `sys_role`
-- ----------------------------
DROP TABLE IF EXISTS `sys_role`;
CREATE TABLE `sys_role` (
  `BUSINESS_ID` varchar(64) NOT NULL,
  `CODE` varchar(64) DEFAULT NULL COMMENT '编码',
  `NAME` varchar(100) DEFAULT NULL COMMENT '角色名称',
  `CHECKED` varchar(255) DEFAULT NULL,
  `DATA_SCOPE` varchar(1) DEFAULT NULL COMMENT '数据范围',
  `CREATE_BY` varchar(64) DEFAULT NULL COMMENT '创建人',
  `CREATE_DATE` datetime NOT NULL COMMENT '创建日期',
  `UPDATE_BY` varchar(64) DEFAULT NULL COMMENT '修改人',
  `UPDATE_DATE` datetime NOT NULL COMMENT '修改日期',
  `REMARKS` varchar(255) DEFAULT NULL COMMENT '备注',
  `DEL_FLAG` varchar(1) DEFAULT NULL COMMENT '删除标识 1 删除 0 未删除 2 审核',
  `FLAG` varchar(1) DEFAULT NULL COMMENT '启用标识 1 启用 0 停用',
  PRIMARY KEY (`BUSINESS_ID`)
) ENGINE=InnoDB DEFAULT CHARSET=utf8 ROW_FORMAT=DYNAMIC;

-- ----------------------------
--  Records of `sys_role`
-- ----------------------------
BEGIN;
INSERT INTO `sys_role` VALUES ('1', 'gly', '管理员', null, '1', '0d76004eccb54b03ab9a07de145f520e', '2016-08-05 17:01:49', null, '2016-08-05 17:01:49', null, '0', '1'), ('2cee2272e5b94a608db915ca72461b50', 'ptyh', '普通用户', null, null, '0d76004eccb54b03ab9a07de145f520e', '2016-11-22 15:43:44', '0d76004eccb54b03ab9a07de145f520e', '2016-11-22 15:45:55', null, '0', '1'), ('35b730e26f4c45ee95f06777f4f20c22', 'sxs', '实习生', null, null, '0d76004eccb54b03ab9a07de145f520e', '2017-06-26 15:30:03', '0d76004eccb54b03ab9a07de145f520e', '2017-06-26 15:30:03', null, '0', '1'), ('4be38512d09e44babeedc0b151f897bd', 'zjl', '总经理', null, null, '0d76004eccb54b03ab9a07de145f520e', '2016-11-02 23:20:46', '0d76004eccb54b03ab9a07de145f520e', '2017-06-09 16:50:06', null, '0', '1'), ('58fb47e9940543d189e3751b632f0516', 'xmjl', '项目经理', null, null, '0d76004eccb54b03ab9a07de145f520e', '2017-06-09 16:58:20', '0d76004eccb54b03ab9a07de145f520e', '2017-06-09 16:58:20', null, '0', '1'), ('61038cb5b03547738b355a4f0b1d5feb', 'dsz', '董事长', null, null, '0d76004eccb54b03ab9a07de145f520e', '2016-11-02 23:20:31', '0d76004eccb54b03ab9a07de145f520e', '2016-11-22 15:45:39', null, '0', '1'), ('d9e407685f7c487fabd4133941d50517', 'bmjl', '部门经理', null, null, '0d76004eccb54b03ab9a07de145f520e', '2017-06-09 16:57:53', '0d76004eccb54b03ab9a07de145f520e', '2017-06-09 16:58:08', null, '0', '1'), ('d9faefcd0f164238aaa05517d26e15cd', 'cwkj', '财务会计', null, null, '0d76004eccb54b03ab9a07de145f520e', '2016-11-07 08:52:34', '1', '2016-11-07 08:52:34', null, '0', '1');
COMMIT;

-- ----------------------------
--  Table structure for `sys_role_menu`
-- ----------------------------
DROP TABLE IF EXISTS `sys_role_menu`;
CREATE TABLE `sys_role_menu` (
  `BUSINESS_ID` varchar(64) NOT NULL,
  `ROLE_ID` varchar(64) NOT NULL COMMENT '角色id',
  `MENU_ID` varchar(64) NOT NULL COMMENT '菜单id',
  PRIMARY KEY (`BUSINESS_ID`)
) ENGINE=InnoDB DEFAULT CHARSET=utf8 ROW_FORMAT=DYNAMIC;

-- ----------------------------
--  Records of `sys_role_menu`
-- ----------------------------
BEGIN;
INSERT INTO `sys_role_menu` VALUES ('0278cb33ee994f5db29a25ea4a6cd5ef', '2cee2272e5b94a608db915ca72461b50', '0df96d8f2f8b46c8b5f3a678aa0ffdf1'), ('02d3535d141642039875b75c91552747', '1', 'e81e92d15cba488db036bf00ac234dcc'), ('043e808a1ea1432cadfcf6d2ceb2c781', '1', 'c5c7efa192d54126ba9a575ec3838278'), ('0748895553a140b8b6ed0ca17a1f67e3', '1', '9e9a671d43f54f288637026e5c21cba4'), ('07f4319e736d43e690497d1a19c61ea4', '35b730e26f4c45ee95f06777f4f20c22', '1696d05601354ded91fbf95c01029402'), ('0a3e40f6b72f47c69bae2f91e3ae9d80', '4d4219aa05bb4cb49f94f26ed33f4ef0', '8c9034dc4a3e4277bae8444d4ef4b341'), ('0bd838095a9943d9a97c7b9e8f3168c6', '1', '85918a8422d242f5a859f94f1a4db201'), ('0ca285b18d9748d28f34298b00d2d2ff', '1', '245d9a5fd85a43909e7b8b95ff5abbc6'), ('0e3b5eb901ee4626ab2fba5024d92ac8', '35b730e26f4c45ee95f06777f4f20c22', '7b1f702e926d4eeb91f2ce7a00269902'), ('13bcb1a8b8a549e8a2d98df4f17ea6f6', '1c08cd4df8fe46ff9e7a1ef57404453e', 'e8a90c1416fa4846ab0e83c8e9bc1fbf'), ('15209664ba564fb19a4f85215666ac06', '2cee2272e5b94a608db915ca72461b50', '1'), ('19a71daa7544491db9c9dbbcd1d330f9', '35b730e26f4c45ee95f06777f4f20c22', 'bfb3815a8102491e9f16fc6cb5302da6'), ('1b934234f9614c9ab2a0e48e5109f712', '4d4219aa05bb4cb49f94f26ed33f4ef0', '642d76a1d0104927a9d42e544c5dad84'), ('1c4608b908ba41a08f87514575fbedbe', '4d4219aa05bb4cb49f94f26ed33f4ef0', '93b5770b547f4e5e88ac03c701e4a68a'), ('224c7c3185c7493c8757245645f31cf9', '4d4219aa05bb4cb49f94f26ed33f4ef0', 'b6585ee435a74d5086a49eddfded8880'), ('22bf5f1cbfd54d8eb11b4176809c035d', '4be38512d09e44babeedc0b151f897bd', '61678861869a45088b6bee6e861f1d91'), ('22c49ad2ef6241cb9939583f03b5b4b2', '1', 'b7065da0ff2a4ac699a55726327b3526'), ('23053f9bec70406a94ad4c565458e732', '35b730e26f4c45ee95f06777f4f20c22', '0df96d8f2f8b46c8b5f3a678aa0ffdf1'), ('2399ce56dff842d88fe2c33818c479e1', '4d4219aa05bb4cb49f94f26ed33f4ef0', '61678861869a45088b6bee6e861f1d91'), ('240a6752ac2d4c1d98faae7352302f9e', '1', '0bf73276eaab4bac96442bd7afb6c093'), ('241018727bc24a2a98fc0a7025fceb7b', '4d4219aa05bb4cb49f94f26ed33f4ef0', '6a67d03182824b658238e6596aa992dc'), ('25edda759f89471089c62d9c51bb6da9', '4d4219aa05bb4cb49f94f26ed33f4ef0', 'eb21a4defd7f43eaa66a4abac3c20b8f'), ('267d7c8bbddc4eb58f407c1ba90c7eff', '4d4219aa05bb4cb49f94f26ed33f4ef0', '77c185c5812441e49161c7ed51dc16c0'), ('26a84b0d0f474dceb4f31c0018f96e2f', '1', '0649bf3d557c4bb29584b5b125c6e57e'), ('26dd637dd6564d7c8ff6f5e2ed9d27dd', '4d4219aa05bb4cb49f94f26ed33f4ef0', 'b6b915e861f14fe58fa31389c702886b'), ('27a59e87f4fc4ea4b3b575eeedc53542', '1', 'bfb3815a8102491e9f16fc6cb5302da6'), ('2ddb18db48e94259b8657fdfab333375', '4d4219aa05bb4cb49f94f26ed33f4ef0', 'b7065da0ff2a4ac699a55726327b3526'), ('2fed9377a5a54941907727f47b625c37', '4d4219aa05bb4cb49f94f26ed33f4ef0', 'd514e0d854ae4230af2709a902bdc2a3'), ('3471b56bce8a44b8bcf8fe5af635baac', '4d4219aa05bb4cb49f94f26ed33f4ef0', '4136f5e231924d7d81a2d34388f049e3'), ('365aef605b5b46f7aed5b3fc7223661c', '2cee2272e5b94a608db915ca72461b50', 'c2144cc40d4f410ab06c479ce9f67dbd'), ('392f04048de0417f98e43817b1730012', '1c08cd4df8fe46ff9e7a1ef57404453e', 'eb21a4defd7f43eaa66a4abac3c20b8f'), ('3f0b2d3a602c4385ad88f3111412530a', '1', 'c2144cc40d4f410ab06c479ce9f67dbd'), ('40cd94cf62984c58a7cc0df5f25c0c63', '1', '9522595dc99b4e4ba8aee168699f896f'), ('42077c811da94990ab2a876f66e4bd71', '1', 'e8a90c1416fa4846ab0e83c8e9bc1fbf'), ('42c51f3de2544c6db9a8a300f571896a', '35b730e26f4c45ee95f06777f4f20c22', '75cb5057378d48adb7fb411ae8c786fb'), ('439c249a13484f4fb1c39524e4048e13', '4d4219aa05bb4cb49f94f26ed33f4ef0', 'a61af04406784d9bb1338a6b61193cc5'), ('447154cc52ca4f218e4189a8bc260bba', '2cee2272e5b94a608db915ca72461b50', 'c5c7efa192d54126ba9a575ec3838278'), ('44e13226d8a6461292d5e85a84bd1bb6', '4d4219aa05bb4cb49f94f26ed33f4ef0', '5cad5a19a345418f87d15483e8ef8590'), ('45c0e8391af94a67ac828e8e1188b69f', '35b730e26f4c45ee95f06777f4f20c22', 'c2144cc40d4f410ab06c479ce9f67dbd'), ('48b5aa8af9454468935560c86c7e9719', '35b730e26f4c45ee95f06777f4f20c22', '1'), ('4935bbced36944dcb7e72a45d5544a0b', '4d4219aa05bb4cb49f94f26ed33f4ef0', '4fdacc3e123a4d608b943f567275c76d'), ('4bb4c5f64cbd438d83515f0bca9a0b1d', '1', 'a81c9a8b28f247fdb2787c40a1cda20b'), ('4c56c24ecc45442e9154c85d9fe34890', '1', 'b6585ee435a74d5086a49eddfded8880'), ('4ef2b8fbd2bf4d8bbd5bc259f02d61d7', '4d4219aa05bb4cb49f94f26ed33f4ef0', '09266bf887d14bd2ad3b0b013cb18afb'), ('50217af63bd74dd79b6117aee9a95a61', '1', 'd514e0d854ae4230af2709a902bdc2a3'), ('52d6e39e24964a4b870f55af0a45b2e8', '1', 'b6b915e861f14fe58fa31389c702886b'), ('5378c80a536f4e51b2cec0a5209ccd11', '1c08cd4df8fe46ff9e7a1ef57404453e', '0bf73276eaab4bac96442bd7afb6c093'), ('54e5148f28a64e948ff7d17bfc27377e', '1', 'fcc1ca3d6e514a2d804ab014db44e80f'), ('614d4c2d769948e3a1f64e6d4d34e208', '4d4219aa05bb4cb49f94f26ed33f4ef0', '06c1af59fd8f4f1d88c2782bfc0a8771'), ('61574227730e40f4b2b2b94f21997c7b', '35b730e26f4c45ee95f06777f4f20c22', 'c5c7efa192d54126ba9a575ec3838278'), ('633575c25702449fb0b249d5986d3606', '4d4219aa05bb4cb49f94f26ed33f4ef0', 'ac788966bd97437db455644a19443ef2'), ('6347aa9e4f064c1ebff0ff97703ff155', '4d4219aa05bb4cb49f94f26ed33f4ef0', '7ddb25af9d0343fbbc94e01635db8076'), ('6ce8f510fc4841979cdc937602b6573a', '4be38512d09e44babeedc0b151f897bd', 'e8a90c1416fa4846ab0e83c8e9bc1fbf'), ('6dc34502a31349da97b1616d751ed8fe', '4d4219aa05bb4cb49f94f26ed33f4ef0', '693d5f30e5014bc8b94f18ffacf98791'), ('704b18babfd44e61945023735cfc318e', '4d4219aa05bb4cb49f94f26ed33f4ef0', 'f697593fd86a4c62859e16bd231e0059'), ('76971a84a6284bfaa8722c6c50bf8591', '2cee2272e5b94a608db915ca72461b50', 'd70d64b1c3b049bcb9de3ee36c7557bb'), ('775dcf24fbc142098d387765f03c0771', '1', '179d6afc4f384ef68a489e3714a9b6ca'), ('7a01611dc56a4a9dad050c13c9022e65', '1', '4136f5e231924d7d81a2d34388f049e3'), ('7de69feea12542e59a38bc267ea7c5b0', '1', '75cb5057378d48adb7fb411ae8c786fb'), ('85743a493bfd4b4a9e187b629eebaba4', '1', '1696d05601354ded91fbf95c01029402'), ('8a01dea332b44428acb2dc20169b3cf5', '35b730e26f4c45ee95f06777f4f20c22', '47b3971654df45f38ca7643eaf49cc25'), ('8cca36d3a2ec48ce989abbb856b7e814', '1', 'a0ba6a7849d54f03b6cbab7b370ccc3f'), ('8e0c80a346624da3b40a13e5d35329a5', '1', '7b1f702e926d4eeb91f2ce7a00269902'), ('8ebb0052a7cd400eafdc8f488084cb3a', '1', 'e79d1fac376e4a38a5ea6f3e748c764e'), ('91be4da6568b48398f4da99745bed147', '1', '61678861869a45088b6bee6e861f1d91'), ('97348b7878134fbcb945dbea6adefc74', '2cee2272e5b94a608db915ca72461b50', 'bfb3815a8102491e9f16fc6cb5302da6'), ('9ad6fc99e9374cda9770eb522854c323', '1', 'a24272efc15f43f187414663532db146'), ('a120b7e6cbd145eea618aef3f5ea6349', '1', 'd70d64b1c3b049bcb9de3ee36c7557bb'), ('a3ffcca0666f4616af82297e1b06c2c7', '61038cb5b03547738b355a4f0b1d5feb', 'b6585ee435a74d5086a49eddfded8880'), ('a434c2bbb8084de1bf2fe2da2bbb2fd1', '4d4219aa05bb4cb49f94f26ed33f4ef0', '51ed873b2e154005b2a4ad60c1e31224'), ('a93c5f4537344f89a0c6e633512d1c57', '1c08cd4df8fe46ff9e7a1ef57404453e', '4fdacc3e123a4d608b943f567275c76d'), ('a9bc6707ac4944beae8cadf39b972ec5', '1', 'eadc98af152d4676a9035be06623945d'), ('aa9d0bce86ad4f4095275c54de66ad10', '4d4219aa05bb4cb49f94f26ed33f4ef0', 'b7d75ce6c0c14469b06250763cdfd68f'), ('ade3946192a34f199cfe8a2e60e78836', '2cee2272e5b94a608db915ca72461b50', '1696d05601354ded91fbf95c01029402'), ('af5b71c36dee470989992e661d313f99', '4d4219aa05bb4cb49f94f26ed33f4ef0', 'dd4d020c04484ee1b9131021147ae19a'), ('b37a78f37931438aae0314237ffc7d4a', '1c08cd4df8fe46ff9e7a1ef57404453e', '5cad5a19a345418f87d15483e8ef8590'), ('b63da295d7d8474b8e978c50656bcf2f', '35b730e26f4c45ee95f06777f4f20c22', 'd70d64b1c3b049bcb9de3ee36c7557bb'), ('bc62adf2cfcd46219cde830c83328ac9', '4d4219aa05bb4cb49f94f26ed33f4ef0', 'f861a49047364d0d8c77cff3e5e91be7'), ('bcad33426ca54f24abab326cfb70a267', '4d4219aa05bb4cb49f94f26ed33f4ef0', 'cfe9f5f66b60433b818fd120f8523e36'), ('bddcf194c7cb40b2b95ae2f522fb649f', '1', '550682538ca447f197c9acfc2fd81fea'), ('c24f11da260a411a9dc6b6ce056cac9a', '1', '0df96d8f2f8b46c8b5f3a678aa0ffdf1'), ('c258a50e9115452c8dd3f332520e2ae5', '4d4219aa05bb4cb49f94f26ed33f4ef0', '5bd6a2f70d6746c784d76be5b81c21bf'), ('c360735c18244e2193094717129a51a6', '2cee2272e5b94a608db915ca72461b50', '75cb5057378d48adb7fb411ae8c786fb'), ('c97ced0e496c43e4b7ca98de1692a3be', '1', '5667c795ad4a499b9c2eb52ddbc1e0c0'), ('ca799bdcb0d14c9f8adbf29ed68fdcd4', '1', 'bf9fc3da7d98404ba9ebf7a5d9d7c445'), ('cb417c13e88740328f56b0710097a7c2', '4be38512d09e44babeedc0b151f897bd', '0bf73276eaab4bac96442bd7afb6c093'), ('cbd2102521cb452bbb7f7d6b7e620bfd', '1', '77381f42f29845fbbe34fdf51cf16f41'), ('ceb37e537e114cadbe2d3ec99c0fba5e', '1', '8c9034dc4a3e4277bae8444d4ef4b341'), ('cfc07a2225e644dab700b874b0aaf0ff', '4d4219aa05bb4cb49f94f26ed33f4ef0', '0bf73276eaab4bac96442bd7afb6c093'), ('d00ac1bb8068490883f9ed05426af9fc', '1c08cd4df8fe46ff9e7a1ef57404453e', 'd514e0d854ae4230af2709a902bdc2a3'), ('d2202a2024dd47628fa3de898c6486a3', '1', '0422b3dbd78f4f138432eff4a5f6ebbd'), ('d27e316908dc49fca6221d620e173455', '2cee2272e5b94a608db915ca72461b50', '7b1f702e926d4eeb91f2ce7a00269902'), ('d6f98a7b158548f289b87e845b8d07e7', '1', '47b3971654df45f38ca7643eaf49cc25'), ('d770a1d7cfb54db4b7f522d8a214749f', '2cee2272e5b94a608db915ca72461b50', '47b3971654df45f38ca7643eaf49cc25'), ('d7d08711218e4974acb2f705d5c3e901', '4d4219aa05bb4cb49f94f26ed33f4ef0', '179d6afc4f384ef68a489e3714a9b6ca'), ('d92ce58484da48e89924dc47e27b359d', '4d4219aa05bb4cb49f94f26ed33f4ef0', 'f31562051ff846f38ddd683f3de0d992'), ('e4010c5b0d8a4de4b5c96a57ce1190b0', '2cee2272e5b94a608db915ca72461b50', 'e81e92d15cba488db036bf00ac234dcc'), ('e6b811fe3e5a43a59b0ac21be9547a84', '1', '1'), ('ea76018b68ae4370a549a9ef7be4e90f', '4d4219aa05bb4cb49f94f26ed33f4ef0', 'e8a90c1416fa4846ab0e83c8e9bc1fbf'), ('ee0761c3d9d642c296daa5cb5fcd1e02', '35b730e26f4c45ee95f06777f4f20c22', 'e81e92d15cba488db036bf00ac234dcc'), ('ef5cf4779ee04759b95b0975c3bbaad1', '4d4219aa05bb4cb49f94f26ed33f4ef0', '7460838cf6684ecead1521449fae0447'), ('f44b9333e56b49aebcf947c1cdb61853', '4d4219aa05bb4cb49f94f26ed33f4ef0', '5a226743edcc4194b39049548b45a00b'), ('f51d8045ee8a40e6953d609b2d7f593e', '4d4219aa05bb4cb49f94f26ed33f4ef0', '68c77297d15049718a387e032da850d7'), ('fe8f62fce02945b784a619efb108a2c5', '61038cb5b03547738b355a4f0b1d5feb', 'b7065da0ff2a4ac699a55726327b3526'), ('ff406ed24e504ca286f18efb1eaf5945', '1', '51ed873b2e154005b2a4ad60c1e31224');
COMMIT;

-- ----------------------------
--  Table structure for `sys_user`
-- ----------------------------
DROP TABLE IF EXISTS `sys_user`;
CREATE TABLE `sys_user` (
  `BUSINESS_ID` varchar(64) NOT NULL,
  `COMPANY_ID` varchar(64) DEFAULT NULL COMMENT '归属公司',
  `OFFICE_ID` varchar(64) DEFAULT NULL COMMENT '归属部门',
  `LOGIN_NAME` varchar(100) DEFAULT NULL COMMENT '登录名',
  `PASSWORD` varchar(100) DEFAULT NULL COMMENT '密码',
  `NO` varchar(100) DEFAULT NULL COMMENT '工号/员工编号',
  `NAME` varchar(100) DEFAULT NULL COMMENT '姓名',
  `PERSON_ID` varchar(100) DEFAULT NULL COMMENT '身份证号',
  `EMAIL` varchar(200) DEFAULT NULL COMMENT '邮箱',
  `PHONE` varchar(200) DEFAULT NULL COMMENT '电话',
  `MOBILE` varchar(200) DEFAULT NULL COMMENT '手机',
  `ENTRY_DATE` date DEFAULT NULL COMMENT '入职日期',
  `EMPL_GROUP` varchar(255) DEFAULT NULL COMMENT '员工组',
  `TRIAL_OR_NOT` int(1) DEFAULT NULL COMMENT '是否试用期 1是0否',
  `TRIAL_LONG` int(11) DEFAULT NULL COMMENT '试用期限 单位（月）',
  `TRIAL_DATE` date DEFAULT NULL COMMENT '试用到期日',
  `WORK_POSITION` varchar(255) DEFAULT NULL COMMENT '工作地',
  `LOGIN_IP` varchar(100) DEFAULT NULL COMMENT '最后登录IP',
  `LOGIN_DATE` datetime DEFAULT NULL COMMENT '最后登录日期',
  `CREATE_BY` varchar(64) DEFAULT NULL COMMENT '创建人',
  `CREATE_DATE` datetime NOT NULL COMMENT '创建日期',
  `UPDATE_BY` varchar(64) DEFAULT NULL COMMENT '修改人',
  `UPDATE_DATE` datetime NOT NULL COMMENT '修改日期',
  `REMARKS` varchar(255) DEFAULT NULL COMMENT '备注',
  `DEL_FLAG` varchar(1) DEFAULT NULL COMMENT '删除标识 1 删除 0 未删除 2 审核',
  `MOBILE_PHONE` varchar(50) DEFAULT NULL COMMENT '手机号',
  `DEPARTMENT` varchar(100) DEFAULT NULL COMMENT '角色id',
  `FLAG` varchar(1) DEFAULT NULL,
  `ADDRESS` varchar(255) DEFAULT NULL COMMENT '家庭住址',
  `URGENCY_PERSON` varchar(255) DEFAULT NULL COMMENT '紧急联系人',
  `URGENCY_LINE` varchar(255) DEFAULT NULL COMMENT '紧急联系电话',
  `COLLEGE` varchar(255) DEFAULT NULL COMMENT '大学',
  `SPECIALITY` varchar(255) DEFAULT NULL COMMENT '专业',
  `ACADEMIC` varchar(255) DEFAULT NULL COMMENT '学历',
  `DEGREE` varchar(255) DEFAULT NULL COMMENT '学位',
  `GRADUATE_DATE` date DEFAULT NULL COMMENT '毕业日期',
  `WORK_DATE` date DEFAULT NULL COMMENT '参加工作日期',
  `NATION` int(2) DEFAULT NULL COMMENT '民族',
  `HOMETOWN` varchar(255) DEFAULT NULL COMMENT '籍贯',
  `PERSON_PROPERTY` int(1) DEFAULT NULL COMMENT '户口性质',
  `BIRTHDAY` date DEFAULT NULL COMMENT '生日',
  `SEX` int(11) DEFAULT NULL COMMENT '性别 1男0女',
  `MARRY_OR_NOT` int(11) DEFAULT NULL COMMENT '婚姻状况 0未婚1已婚2离异',
  `BANK_NAME` varchar(255) DEFAULT NULL COMMENT '银行名称',
  `BANK_NUM` varchar(255) DEFAULT NULL,
  `ACCOUNT_BY` varchar(255) DEFAULT NULL COMMENT '受款人',
  `CONTRACT_TYPE` int(11) DEFAULT NULL COMMENT '合同类型',
  `CONTRACT_START` date DEFAULT NULL COMMENT '合同开始日期',
  `CONTRACT_END` date DEFAULT NULL COMMENT '合同结束',
  `RENEW_CONTRACT_START` date DEFAULT NULL COMMENT '续约合同开始',
  `RENEW_CONTRACT_END` date DEFAULT NULL COMMENT '续约合同到期',
  `AGREEMENT_TYPE` int(11) DEFAULT NULL COMMENT '协议类型 数据字典',
  `AGREEMENT_START` date DEFAULT NULL COMMENT '协议开始日期',
  `AGREEMENT_END` date DEFAULT NULL COMMENT '协议结束',
  `USER_STATES` char(255) DEFAULT NULL COMMENT '员工状态（离职，在职，出差等）',
  `digest_key` varchar(64) DEFAULT NULL COMMENT '密钥',
  PRIMARY KEY (`BUSINESS_ID`)
) ENGINE=InnoDB DEFAULT CHARSET=utf8 ROW_FORMAT=DYNAMIC;

-- ----------------------------
--  Records of `sys_user`
-- ----------------------------
BEGIN;
INSERT INTO `sys_user` VALUES ('0d76004eccb54b03ab9a07de145f520e', null, null, 'admin', 'fae80ba527ce02b96a1ba6105f9dee540e4b37c74d55a3fb241b6d7b', '004', 'cy', '120224197612315734', 'cy@91isoft.com', null, '13516257976', '2016-01-01', '1', '0', null, null, '天津', null, '2016-11-09 14:38:53', '1', '2016-11-09 08:52:06', '0d76004eccb54b03ab9a07de145f520e', '2017-06-27 11:05:09', null, '0', null, null, '1', '', null, null, '天津师范大学', '计算机科学与教育', '2', null, '2000-01-01', '2000-09-01', '1', '天津', null, '1976-12-31', '1', '1', '招商银行天津分行西康路支行', null, 'cy', '1', '2016-01-01', '2019-01-31', null, null, null, null, null, null, '111111'), ('5df55e5a1b25439eb442bc3c42899fcb', null, null, 'hanzheng@qq.com', '29da5cc20f610e7246296a07fc1df2fafce1159b98be603623464e80', '123', '韩正', null, 'hanzheng@qq.com', null, null, null, null, null, null, null, null, null, null, '0d76004eccb54b03ab9a07de145f520e', '2017-02-09 20:37:13', '0d76004eccb54b03ab9a07de145f520e', '2017-02-09 20:37:13', null, '0', null, null, '1', null, null, null, null, null, null, null, null, null, null, null, null, null, null, null, null, null, null, null, null, null, null, null, null, null, null, null, null), ('ca8dd74ea8e04bb3b85c18101fbd10ba', null, null, 'ceshi@qq.com', '6cc20382222ea91769d8a20b5820083c0579a24a976519639a639e51', '123456', 'ceshi', null, 'ceshi@qq.com', null, null, null, null, null, null, null, null, null, null, '0d76004eccb54b03ab9a07de145f520e', '2017-06-26 15:40:40', '0d76004eccb54b03ab9a07de145f520e', '2017-06-26 15:40:40', null, '0', null, null, '1', null, null, null, null, null, null, null, null, null, null, null, null, null, null, null, null, null, null, null, null, null, null, null, null, null, null, null, null), ('ce85a1e11e954dd9b2dcc37eda30c96d', null, null, 'sunliya@qq.com', 'b715aa8e8e9795a98668d5c716e92af5b0f90c35c5e3d9c237acf507', '101', '孙丽娅', null, 'sunliya@qq.com', null, '13800001234', null, null, null, null, null, null, null, null, '0d76004eccb54b03ab9a07de145f520e', '2017-02-09 20:34:10', '0d76004eccb54b03ab9a07de145f520e', '2017-02-09 20:34:10', null, '0', null, null, '1', null, null, null, null, null, null, null, null, null, null, null, null, null, null, null, null, null, null, null, null, null, null, null, null, null, null, null, null);
COMMIT;

SET FOREIGN_KEY_CHECKS = 1;
